tconst	average_rating	num_votes
tt0160316	9.9	14
tt0204101	9.9	7
tt0229892	9.9	5
tt0478531	9.9	145
tt10121834	9.9	8
tt10188844	9.9	5
tt10445282	9.9	13
tt10448568	9.9	27
tt10793596	9.9	5
tt11238530	9.9	5
tt11355654	9.9	6
tt11429932	9.9	7
tt11431748	9.9	7
tt11477750	9.9	5
tt11481658	9.9	8
tt11731024	9.9	57
tt12516382	9.9	9
tt12612250	9.9	9
tt12669996	9.9	58
tt13156822	9.9	5
tt13162656	9.9	24
tt13224394	9.9	9
tt13241608	9.9	9
tt13388966	9.9	54
tt13479840	9.9	6
tt13567338	9.9	6
tt13617202	9.9	6
tt13774214	9.9	5
tt14206954	9.9	6
tt14391264	9.9	12
tt14477782	9.9	6
tt14626184	9.9	19
tt1500916	9.9	8
tt15086352	9.9	12
tt15108182	9.9	6
tt15243520	9.9	8
tt15301994	9.9	139
tt15333582	9.9	9
tt15386480	9.9	35
tt15458126	9.9	5
tt15561862	9.9	8
tt15726098	9.9	5
tt16194702	9.9	7
tt16310940	9.9	16
tt16762816	9.9	19
tt17001790	9.9	46
tt17506078	9.9	5
tt17519848	9.9	10
tt18225750	9.9	8
tt18313156	9.9	7
tt18353108	9.9	5
tt18372080	9.9	5
tt19113518	9.9	94
tt1918943	9.9	7
tt19715754	9.9	5
tt19783474	9.9	6
tt19797258	9.9	7
tt19812758	9.9	6
tt20414862	9.9	5
tt20455074	9.9	7
tt21036122	9.9	724
tt21083296	9.9	13
tt21091528	9.9	27
tt21094962	9.9	57
tt21111272	9.9	11
tt21114222	9.9	28
tt21154882	9.9	13
tt21158494	9.9	11
tt21192652	9.9	5
tt21198540	9.9	61
tt2491128	9.9	7
tt2831468	9.9	7
tt4335666	9.9	8
tt0209842	9.8	8
tt0262958	9.8	6
tt0456708	9.8	5
tt0461730	9.8	5
tt10024036	9.8	5
tt10116578	9.8	1746
tt10126744	9.8	5
tt10322518	9.8	5
tt10763220	9.8	9
tt10856470	9.8	6
tt10943828	9.8	6
tt11526658	9.8	6
tt11554404	9.8	50
tt12008442	9.8	5
tt12171110	9.8	155
tt12331872	9.8	31
tt12502840	9.8	25
tt12544540	9.8	6
tt12564100	9.8	16
tt12593524	9.8	13
tt13049430	9.8	14
tt13174734	9.8	5
tt13288608	9.8	5
tt13356638	9.8	25
tt13484382	9.8	5
tt13593052	9.8	64
tt13659956	9.8	6
tt13902918	9.8	5
tt1412450	9.8	6
tt14145690	9.8	5
tt1426931	9.8	6
tt1427969	9.8	9
tt14385526	9.8	10
tt14456264	9.8	7
tt14849234	9.8	26
tt1486793	9.8	12
tt14908682	9.8	14
tt14916260	9.8	6
tt15084766	9.8	21
tt15130940	9.8	6
tt15134118	9.8	14
tt15198614	9.8	33
tt15225196	9.8	6
tt1542366	9.8	6
tt15520608	9.8	6
tt15613780	9.8	65
tt15765156	9.8	12
tt16078250	9.8	16
tt16359962	9.8	7
tt16409928	9.8	6
tt16751496	9.8	6
tt16767916	9.8	5
tt1684692	9.8	10
tt16960858	9.8	5
tt16977882	9.8	7
tt17318026	9.8	152
tt17492706	9.8	60
tt1781470	9.8	5
tt1792500	9.8	195
tt1809337	9.8	10
tt18247294	9.8	5
tt18250296	9.8	17
tt18334580	9.8	26
tt18924570	9.8	6
tt18973230	9.8	11
tt19495610	9.8	14
tt20240740	9.8	85
tt20766864	9.8	5
tt20769662	9.8	6
tt20916366	9.8	6
tt21101694	9.8	40
tt21209936	9.8	45
tt2227107	9.8	203
tt2593350	9.8	8
tt2633916	9.8	16
tt2720024	9.8	7
tt2721956	9.8	7
tt2788294	9.8	163
tt2906986	9.8	8
tt3018584	9.8	9
tt3022498	9.8	14
tt3455094	9.8	6
tt3804044	9.8	7
tt4211854	9.8	7
tt4339104	9.8	5
tt4526504	9.8	167
tt5206478	9.8	8
tt6149200	9.8	8
tt6173440	9.8	7
tt6439480	9.8	391
tt6717648	9.8	6
tt6765628	9.8	7
tt6877136	9.8	9
tt7151672	9.8	2486
tt7389916	9.8	20
tt7464864	9.8	20
tt7828336	9.8	5
tt7963292	9.8	5
tt8363486	9.8	33
tt8560108	9.8	129
tt8560994	9.8	3262
tt8611580	9.8	15
tt9753072	9.8	9
tt0012623	9.7	12
tt0143768	9.7	23
tt0213211	9.7	10
tt0307860	9.7	11
tt1032198	9.7	8
tt10443578	9.7	12
tt10482446	9.7	12
tt10526388	9.7	786
tt10623586	9.7	7
tt10738058	9.7	32
tt10895784	9.7	241
tt10928372	9.7	7
tt11076052	9.7	186
tt11150774	9.7	14
tt11192224	9.7	11
tt11207734	9.7	1691
tt11361302	9.7	7
tt11384560	9.7	12
tt11391464	9.7	18
tt11469940	9.7	11
tt11477320	9.7	11
tt11524214	9.7	30
tt11638474	9.7	8
tt11714160	9.7	28
tt11926728	9.7	217
tt1199551	9.7	14
tt12193734	9.7	6
tt12250574	9.7	8
tt1235490	9.7	7
tt12357128	9.7	43
tt12409000	9.7	55
tt12678584	9.7	64
tt12729258	9.7	37
tt13063578	9.7	22
tt13253148	9.7	6
tt13443468	9.7	107
tt13545924	9.7	21
tt13617678	9.7	7
tt1367321	9.7	7
tt13721002	9.7	18
tt13721954	9.7	64
tt13839300	9.7	23
tt14482824	9.7	6
tt14484756	9.7	76
tt14552832	9.7	61
tt14622282	9.7	221
tt14811976	9.7	153
tt14884078	9.7	6
tt15169386	9.7	10
tt15244854	9.7	39
tt15375846	9.7	25
tt15405402	9.7	28
tt15408864	9.7	61
tt15418312	9.7	8
tt15427936	9.7	533
tt15545368	9.7	13
tt15614514	9.7	6
tt15893628	9.7	44
tt16271746	9.7	362
tt16291794	9.7	11
tt16369346	9.7	465
tt16370004	9.7	21
tt16436030	9.7	81
tt16443058	9.7	7
tt16579002	9.7	7
tt16743692	9.7	12
tt16747572	9.7	9421
tt16803184	9.7	75
tt16945794	9.7	47
tt16984916	9.7	16
tt17038732	9.7	23
tt17219994	9.7	15
tt17220122	9.7	12
tt17499652	9.7	10
tt17592824	9.7	9
tt18072306	9.7	28
tt1823030	9.7	13
tt18766736	9.7	12
tt18815714	9.7	50
tt19036070	9.7	27
tt1918146	9.7	32
tt1920865	9.7	11
tt19382948	9.7	502
tt19466994	9.7	14
tt19862408	9.7	13
tt19902148	9.7	16
tt19996158	9.7	7
tt20205270	9.7	27
tt20413120	9.7	94
tt20912228	9.7	30
tt20989130	9.7	26
tt21052610	9.7	29
tt21059328	9.7	27
tt21065098	9.7	28
tt21071618	9.7	10
tt21087044	9.7	15
tt21103602	9.7	13
tt21139706	9.7	30
tt21143150	9.7	17
tt2250180	9.7	24
tt2304793	9.7	40
tt2920346	9.7	10
tt2925114	9.7	33
tt3097790	9.7	12
tt3188146	9.7	23
tt3681668	9.7	203
tt3854886	9.7	9
tt4364802	9.7	25
tt4524500	9.7	137
tt4598086	9.7	15
tt5635744	9.7	9
tt5798128	9.7	10
tt5961444	9.7	712
tt6102600	9.7	32
tt6409750	9.7	6
tt6467090	9.7	50
tt6641442	9.7	8
tt6707168	9.7	23
tt6795280	9.7	10
tt6991826	9.7	14
tt7575952	9.7	41
tt7678620	9.7	7267
tt7880654	9.7	408
tt7999930	9.7	6
tt8014412	9.7	409
tt8092456	9.7	10
tt8585226	9.7	18
tt8628638	9.7	9
tt8819744	9.7	91
tt8868616	9.7	22
tt9002022	9.7	8
tt9163854	9.7	34
tt9170952	9.7	11
tt9332910	9.7	10
tt9653844	9.7	15
tt0122051	9.6	10
tt0160555	9.6	6
tt0192783	9.6	6
tt0258520	9.6	6
tt0276876	9.6	5
tt0328703	9.6	7
tt0340605	9.6	6
tt0405608	9.6	7
tt0410436	9.6	20
tt0439217	9.6	17
tt0444194	9.6	9
tt0496630	9.6	5
tt0825736	9.6	17
tt0888035	9.6	11
tt0984201	9.6	9
tt0997212	9.6	13
tt10041978	9.6	5
tt10176670	9.6	21
tt10198564	9.6	61
tt10207588	9.6	86
tt10235118	9.6	23
tt10394776	9.6	5
tt10515408	9.6	5
tt10635634	9.6	10
tt10793984	9.6	15
tt10820234	9.6	77
tt10941616	9.6	50
tt10942606	9.6	7
tt10975134	9.6	133
tt10999886	9.6	14
tt11162014	9.6	5
tt11210898	9.6	5
tt11231906	9.6	5
tt11242794	9.6	14
tt11274902	9.6	5
tt11322614	9.6	8
tt11357178	9.6	14
tt11396172	9.6	72
tt11426730	9.6	136
tt11434354	9.6	103
tt11530606	9.6	20
tt11602002	9.6	9
tt11634530	9.6	5
tt11737054	9.6	5
tt11779744	9.6	754
tt11808666	9.6	7
tt11814014	9.6	8
tt1181659	9.6	7
tt11916726	9.6	6
tt11969160	9.6	22
tt12003010	9.6	8
tt12022472	9.6	27
tt1205482	9.6	6
tt12064936	9.6	124
tt12082296	9.6	16
tt12264330	9.6	12
tt12466764	9.6	7
tt12489826	9.6	10
tt12663404	9.6	7
tt12739846	9.6	10
tt12821214	9.6	59
tt12887646	9.6	7
tt12910874	9.6	16
tt12932922	9.6	13
tt12956928	9.6	12
tt13114406	9.6	5
tt13155204	9.6	7
tt1326946	9.6	13
tt1327804	9.6	42
tt13292864	9.6	7
tt13339174	9.6	59
tt13385026	9.6	17
tt13429306	9.6	16
tt13434070	9.6	12
tt13535000	9.6	28
tt13594640	9.6	47
tt13617908	9.6	13
tt13670558	9.6	9
tt13718118	9.6	6
tt13723290	9.6	15
tt13819228	9.6	7
tt13860798	9.6	5
tt13977028	9.6	6
tt13983614	9.6	22
tt14015296	9.6	23
tt14065070	9.6	27
tt14135822	9.6	26
tt14161138	9.6	31
tt14207646	9.6	9
tt14271260	9.6	12
tt1430147	9.6	6
tt14308604	9.6	6
tt14328346	9.6	5
tt14398168	9.6	6
tt14480590	9.6	5
tt14496874	9.6	5
tt14508146	9.6	86
tt14560506	9.6	8
tt14685246	9.6	39
tt14691506	9.6	7
tt14780538	9.6	142
tt14866614	9.6	66
tt14888920	9.6	19
tt14912868	9.6	24
tt14947734	9.6	20
tt15008626	9.6	6
tt15010766	9.6	38
tt15028398	9.6	6
tt15030252	9.6	5
tt15141270	9.6	60
tt15162242	9.6	5
tt15170646	9.6	12
tt15208178	9.6	46
tt15243416	9.6	7
tt15341150	9.6	990
tt15382090	9.6	9
tt15388062	9.6	37
tt15459728	9.6	18
tt15508906	9.6	5
tt1561809	9.6	144
tt15662618	9.6	11
tt15721450	9.6	16
tt15733098	9.6	17
tt15744288	9.6	549
tt15754974	9.6	73
tt15891060	9.6	5
tt1602035	9.6	8
tt16211448	9.6	6
tt16226960	9.6	109
tt16239960	9.6	13
tt16279386	9.6	5
tt16376240	9.6	65
tt16383720	9.6	14
tt16394154	9.6	13
tt1639811	9.6	123
tt16409916	9.6	6
tt16417168	9.6	9
tt16444976	9.6	8
tt16479376	9.6	13
tt16491364	9.6	13
tt16491384	9.6	13
tt16530124	9.6	15
tt16532108	9.6	22
tt16539566	9.6	5
tt16585662	9.6	13
tt16740148	9.6	8
tt17007480	9.6	27
tt17007700	9.6	24
tt17132400	9.6	13
tt1742447	9.6	6
tt1744574	9.6	38
tt17507072	9.6	25
tt1754780	9.6	18
tt18071570	9.6	5
tt18115222	9.6	12
tt18183916	9.6	7
tt18246580	9.6	7
tt18249730	9.6	82
tt18352648	9.6	75
tt1857302	9.6	162
tt18647364	9.6	5
tt18970130	9.6	24
tt18986740	9.6	5
tt18989934	9.6	28
tt19353052	9.6	12
tt19407604	9.6	5
tt1952732	9.6	8
tt1954322	9.6	6
tt19769530	9.6	29
tt19800030	9.6	35
tt19812518	9.6	35
tt19858036	9.6	21
tt19896526	9.6	5
tt20455262	9.6	31
tt2077755	9.6	7
tt20855288	9.6	138
tt2101257	9.6	22
tt21074228	9.6	10
tt21094328	9.6	12
tt21097730	9.6	29
tt21108248	9.6	28
tt21115330	9.6	29
tt21140954	9.6	25
tt2118013	9.6	20
tt2119535	9.6	6
tt2185170	9.6	120
tt2214163	9.6	5
tt2273509	9.6	7
tt2320761	9.6	368
tt2322106	9.6	5
tt2400629	9.6	1212
tt2492910	9.6	10
tt2497092	9.6	13
tt2674348	9.6	5
tt2859890	9.6	5
tt2909296	9.6	13
tt3069042	9.6	7
tt3090950	9.6	11
tt3369738	9.6	41
tt3552146	9.6	6
tt3568938	9.6	12
tt3801246	9.6	33
tt3815114	9.6	50
tt3820326	9.6	47
tt3824254	9.6	10
tt4023836	9.6	9
tt4157822	9.6	12
tt4372732	9.6	6
tt4538674	9.6	32
tt4778960	9.6	6
tt4866704	9.6	100
tt4998488	9.6	8
tt5119202	9.6	95
tt5195806	9.6	6
tt5310246	9.6	6
tt5345958	9.6	701
tt5351492	9.6	77
tt5482352	9.6	49
tt5525758	9.6	9
tt5622316	9.6	72
tt5686364	9.6	6
tt5750608	9.6	5
tt5888250	9.6	5
tt5908772	9.6	6
tt5965110	9.6	5
tt6054882	9.6	5
tt6070524	9.6	19
tt6182430	9.6	13
tt6432868	9.6	27
tt6568676	9.6	5
tt6675482	9.6	7
tt6714754	9.6	32
tt6873814	9.6	7
tt7107628	9.6	10
tt7246468	9.6	74
tt7310902	9.6	18
tt7414870	9.6	88
tt7581170	9.6	518
tt7658162	9.6	10
tt7865962	9.6	1230
tt7866314	9.6	1073
tt7871368	9.6	26
tt8103440	9.6	203
tt8105446	9.6	5
tt8120954	9.6	6
tt8257760	9.6	19
tt8379912	9.6	5
tt8397926	9.6	8
tt8478132	9.6	111
tt8479980	9.6	7
tt8544176	9.6	9
tt8571428	9.6	701
tt8801570	9.6	5
tt8825548	9.6	6
tt9052412	9.6	22
tt9135286	9.6	15
tt9248932	9.6	19
tt9518824	9.6	5
tt9597430	9.6	14
tt9658036	9.6	7
tt9664688	9.6	17
tt9686346	9.6	266
tt9690224	9.6	19
tt0060679	9.5	30
tt0144563	9.5	7
tt0220878	9.5	6
tt0273022	9.5	17
tt0305275	9.5	7
tt0361156	9.5	120
tt0375442	9.5	6
tt0381350	9.5	24
tt0416680	9.5	9
tt0444740	9.5	129
tt0446582	9.5	8
tt0885042	9.5	133
tt0903747	9.5	1765311
tt0907613	9.5	6
tt10006510	9.5	7
tt10038128	9.5	6
tt10045002	9.5	559
tt10153822	9.5	28
tt10156610	9.5	155
tt10167146	9.5	14
tt10175522	9.5	102
tt10177960	9.5	10
tt10203450	9.5	79
tt10218112	9.5	33
tt1028579	9.5	10
tt10398168	9.5	23
tt1056128	9.5	8
tt10666722	9.5	8
tt10669762	9.5	12
tt10680606	9.5	3951
tt1073077	9.5	8
tt10741030	9.5	23
tt10750318	9.5	15
tt10895566	9.5	25
tt10910920	9.5	9
tt10918170	9.5	11
tt10919594	9.5	9
tt10935540	9.5	11
tt10950526	9.5	14
tt11011668	9.5	8
tt11135912	9.5	58
tt11232948	9.5	13
tt11289784	9.5	1090
tt11291234	9.5	98
tt11375824	9.5	6
tt11387112	9.5	24
tt11453842	9.5	12
tt11511476	9.5	7
tt11663036	9.5	6
tt11681634	9.5	8
tt11734728	9.5	8
tt11742932	9.5	13
tt11767922	9.5	9
tt11779334	9.5	24
tt11806450	9.5	8
tt11905274	9.5	43
tt11952822	9.5	35
tt12043078	9.5	26
tt12057854	9.5	275
tt12180672	9.5	139
tt12245570	9.5	38
tt12246812	9.5	31
tt12271548	9.5	7
tt1230566	9.5	67
tt12306846	9.5	6
tt12336660	9.5	39
tt12363156	9.5	6
tt12385356	9.5	44
tt12397218	9.5	12
tt12478308	9.5	6
tt12490740	9.5	13
tt12491026	9.5	33
tt12511004	9.5	105
tt12526464	9.5	44
tt12547676	9.5	44
tt12562584	9.5	87
tt12572082	9.5	28
tt12751950	9.5	14
tt1276377	9.5	25
tt12845758	9.5	11
tt12881156	9.5	24
tt12980094	9.5	192
tt12986680	9.5	46
tt13090972	9.5	57
tt1311070	9.5	7
tt13153678	9.5	88
tt13191804	9.5	822
tt13223854	9.5	28
tt13269402	9.5	29
tt13464516	9.5	1266
tt13528560	9.5	21
tt13587614	9.5	136
tt13615428	9.5	6
tt13640498	9.5	12
tt13661068	9.5	6
tt1369730	9.5	9
tt1371780	9.5	11
tt13774212	9.5	7
tt13807990	9.5	21
tt13828460	9.5	116
tt13870160	9.5	95
tt13873262	9.5	13
tt1396550	9.5	10
tt14016762	9.5	8
tt14021802	9.5	25
tt14023406	9.5	9
tt14109368	9.5	15
tt14235880	9.5	11
tt14316618	9.5	13
tt14316932	9.5	15
tt14332510	9.5	69
tt1442169	9.5	12
tt14454856	9.5	14
tt14469318	9.5	12
tt14528694	9.5	8
tt14544434	9.5	6
tt14547620	9.5	21
tt14623018	9.5	9
tt14662334	9.5	14
tt14713752	9.5	6
tt14726574	9.5	32
tt14781302	9.5	99
tt14814162	9.5	63
tt14859678	9.5	41
tt14866630	9.5	45
tt15036150	9.5	22
tt15046058	9.5	24
tt15079900	9.5	13
tt1516120	9.5	8
tt15164232	9.5	7
tt15170026	9.5	14
tt15199052	9.5	20
tt15218458	9.5	19
tt15287644	9.5	19
tt1538131	9.5	17
tt1539078	9.5	14
tt15414468	9.5	9
tt15440304	9.5	15
tt15503216	9.5	14
tt15508282	9.5	6
tt1565884	9.5	7
tt15672158	9.5	11
tt15685446	9.5	8
tt15782616	9.5	23
tt1585863	9.5	11
tt15881774	9.5	20
tt1593562	9.5	20
tt16139080	9.5	61
tt16228146	9.5	4474
tt16352480	9.5	43
tt16369752	9.5	6
tt16410958	9.5	99
tt1666687	9.5	9
tt16709520	9.5	6
tt16743878	9.5	16
tt1682913	9.5	14
tt17009418	9.5	297
tt17043084	9.5	26
tt17044168	9.5	6
tt1723732	9.5	6
tt1727688	9.5	8
tt1733555	9.5	7
tt17677734	9.5	18
tt17678214	9.5	11
tt1773824	9.5	25
tt1786756	9.5	7
tt1795606	9.5	22
tt1821553	9.5	9
tt18247320	9.5	6
tt18272676	9.5	23
tt18291328	9.5	32
tt18334552	9.5	20
tt18346084	9.5	11
tt1852112	9.5	334
tt18751116	9.5	15
tt19161980	9.5	366
tt19365368	9.5	27
tt19501758	9.5	22
tt19514312	9.5	26
tt19638434	9.5	15
tt19718808	9.5	12
tt19759096	9.5	6
tt19797804	9.5	76
tt19888200	9.5	8
tt20224106	9.5	8
tt2023634	9.5	10
tt20356188	9.5	6
tt20449548	9.5	6
tt20722204	9.5	19
tt2083935	9.5	14
tt20852754	9.5	11
tt21048424	9.5	19
tt21068482	9.5	17
tt21099140	9.5	372
tt2110659	9.5	739
tt21116530	9.5	30
tt21154868	9.5	455
tt21160742	9.5	530
tt21194300	9.5	10
tt2119525	9.5	15
tt2131852	9.5	6
tt2298792	9.5	1757
tt2354568	9.5	563
tt2354831	9.5	14
tt2399640	9.5	65
tt2430004	9.5	33
tt2473590	9.5	13
tt2669078	9.5	287
tt2884508	9.5	16
tt2907906	9.5	7
tt3062514	9.5	3116
tt3203868	9.5	15
tt3271300	9.5	31
tt3292606	9.5	9
tt3381790	9.5	16
tt3421194	9.5	14
tt3586962	9.5	34
tt3774662	9.5	13
tt3846434	9.5	7
tt4023464	9.5	59
tt4033858	9.5	126
tt4151864	9.5	10
tt4257166	9.5	37
tt4338684	9.5	358
tt4431118	9.5	184
tt4461690	9.5	7
tt4482740	9.5	10
tt4588636	9.5	9
tt4773864	9.5	30
tt4882470	9.5	33
tt4896744	9.5	14
tt4939232	9.5	25
tt5152888	9.5	6
tt5161786	9.5	27
tt5163920	9.5	10
tt5333750	9.5	8
tt5426530	9.5	26
tt5671368	9.5	8
tt5761026	9.5	210
tt5770076	9.5	72
tt5775366	9.5	7
tt5830284	9.5	6
tt5890418	9.5	47
tt5908892	9.5	124
tt5930042	9.5	682
tt6216234	9.5	21
tt6338720	9.5	35
tt6428148	9.5	7
tt6657642	9.5	14
tt6685014	9.5	98
tt6730328	9.5	9
tt6777604	9.5	8
tt6863916	9.5	202
tt7022926	9.5	6
tt7034712	9.5	6
tt7302010	9.5	86
tt7336838	9.5	13
tt7354646	9.5	27
tt7381620	9.5	13
tt7391516	9.5	7
tt7546114	9.5	8
tt7693402	9.5	6
tt7747698	9.5	454
tt7908126	9.5	13
tt7981224	9.5	87
tt8118944	9.5	34
tt8203520	9.5	1106
tt8362886	9.5	19
tt8421408	9.5	17
tt8550276	9.5	25
tt8815210	9.5	11
tt8880826	9.5	6
tt8888392	9.5	49
tt8937100	9.5	14
tt9044540	9.5	41
tt9168988	9.5	153
tt9263636	9.5	8
tt9280792	9.5	209
tt9378692	9.5	82
tt9394856	9.5	22
tt9660674	9.5	42
tt9686178	9.5	117
tt9772452	9.5	91
tt9872558	9.5	1052
tt0009851	9.4	13
tt0014572	9.4	14
tt0027944	9.4	7
tt0069651	9.4	6
tt0106996	9.4	5
tt0117521	9.4	6
tt0131252	9.4	6
tt0134350	9.4	7
tt0143404	9.4	7
tt0160134	9.4	6
tt0160135	9.4	6
tt0182348	9.4	9
tt0183819	9.4	9
tt0185260	9.4	5
tt0188335	9.4	387
tt0191740	9.4	1685
tt0209860	9.4	5
tt0214697	9.4	6
tt0218269	9.4	7
tt0221771	9.4	5
tt0233555	9.4	14
tt0241888	9.4	23
tt0244911	9.4	3897
tt0247628	9.4	258
tt0248647	9.4	7
tt0253456	9.4	122
tt0266237	9.4	7
tt0287858	9.4	8
tt0310509	9.4	23
tt0319762	9.4	9
tt0336410	9.4	14
tt0342606	9.4	13
tt0349955	9.4	8
tt0356775	9.4	11
tt0369749	9.4	11
tt0386214	9.4	5
tt0395774	9.4	6
tt0396609	9.4	9
tt0401008	9.4	9
tt0413833	9.4	13
tt0424390	9.4	7
tt0452877	9.4	9
tt0454209	9.4	7
tt0485719	9.4	8
tt0783663	9.4	19
tt0795373	9.4	14
tt0821065	9.4	8
tt0827528	9.4	11
tt0846989	9.4	9
tt0907649	9.4	14
tt0957936	9.4	10
tt0982863	9.4	8
tt10077680	9.4	16
tt10077856	9.4	6
tt10110366	9.4	73
tt10119538	9.4	17
tt1016209	9.4	23
tt10267598	9.4	7
tt10293464	9.4	9
tt1039953	9.4	7
tt10445280	9.4	51
tt10540476	9.4	377
tt10582106	9.4	16
tt10716888	9.4	7
tt10738796	9.4	141
tt10763054	9.4	17
tt10763222	9.4	12
tt10768188	9.4	99
tt10777568	9.4	11
tt10786802	9.4	7
tt10914894	9.4	28
tt10915200	9.4	9
tt10928202	9.4	41
tt10943888	9.4	7
tt10953232	9.4	34
tt10955384	9.4	29
tt11058466	9.4	7
tt11070050	9.4	9
tt1109631	9.4	15
tt11120182	9.4	28
tt11163184	9.4	7
tt11231816	9.4	58
tt11306896	9.4	1036
tt11347614	9.4	5
tt11384328	9.4	1197
tt11421116	9.4	20
tt11428992	9.4	733
tt11478280	9.4	5
tt11507832	9.4	7
tt11536684	9.4	147
tt11552492	9.4	5
tt11646442	9.4	156
tt11683942	9.4	26
tt11690438	9.4	11
tt11703166	9.4	14
tt11767890	9.4	60
tt11809248	9.4	9
tt11908344	9.4	10
tt11922314	9.4	35
tt11940818	9.4	15
tt11957200	9.4	16
tt11960634	9.4	449
tt12015730	9.4	669
tt12074174	9.4	10
tt12082388	9.4	5
tt12123430	9.4	7
tt12148314	9.4	280
tt12305222	9.4	313
tt12322110	9.4	8
tt12362644	9.4	13
tt12392416	9.4	5
tt1240536	9.4	7
tt1242864	9.4	21
tt12438762	9.4	5
tt12476820	9.4	7
tt12506076	9.4	40
tt1262932	9.4	7
tt12678438	9.4	46
tt12683304	9.4	256
tt12735950	9.4	51
tt12738064	9.4	5
tt12783496	9.4	21
tt12892750	9.4	6
tt12949692	9.4	15
tt12980080	9.4	19
tt13010696	9.4	48
tt13017688	9.4	5
tt13020194	9.4	9
tt13033424	9.4	12
tt13049714	9.4	15
tt13059804	9.4	93
tt13061956	9.4	10
tt13066464	9.4	117
tt13150872	9.4	46
tt13154212	9.4	5
tt13155270	9.4	7
tt13217104	9.4	12
tt1327834	9.4	12
tt1329348	9.4	8
tt1334109	9.4	25
tt13403584	9.4	11
tt13416756	9.4	20
tt13446396	9.4	5
tt13449566	9.4	72
tt13563118	9.4	18
tt13584878	9.4	10
tt13589914	9.4	5
tt13606224	9.4	7
tt1364202	9.4	17
tt13674472	9.4	17
tt13688836	9.4	15
tt13743934	9.4	21
tt1384356	9.4	6
tt13849026	9.4	5
tt13850432	9.4	7
tt13938012	9.4	24
tt13977664	9.4	7
tt13986218	9.4	16
tt1399000	9.4	16
tt13998258	9.4	5
tt14021760	9.4	22
tt14021782	9.4	14
tt14075320	9.4	96
tt14111130	9.4	7
tt14119896	9.4	10
tt14157444	9.4	20
tt14202596	9.4	64
tt14220586	9.4	7
tt14266662	9.4	618
tt14270850	9.4	13
tt14273718	9.4	865
tt1433236	9.4	7
tt14390520	9.4	15
tt14391292	9.4	15
tt14405000	9.4	22
tt14443814	9.4	11
tt14456590	9.4	171
tt14485794	9.4	94
tt14491186	9.4	7
tt14494456	9.4	57
tt1456093	9.4	19
tt14624264	9.4	7
tt14657412	9.4	5
tt14715806	9.4	53
tt14802816	9.4	37
tt14803120	9.4	598
tt14822070	9.4	126
tt14852398	9.4	199
tt14888290	9.4	12
tt14928598	9.4	33
tt14934142	9.4	23
tt14965300	9.4	18
tt14979340	9.4	15
tt14982986	9.4	5
tt15048230	9.4	7
tt15125674	9.4	8
tt15251018	9.4	3357
tt15263138	9.4	223
tt15281368	9.4	236
tt1529717	9.4	25
tt1533112	9.4	6
tt15351800	9.4	9
tt1537381	9.4	29
tt1541627	9.4	6
tt1541661	9.4	8
tt15485366	9.4	18
tt15516018	9.4	24
tt1566188	9.4	8
tt15672122	9.4	8
tt15767042	9.4	25
tt15824146	9.4	6
tt15842064	9.4	34
tt15850402	9.4	8
tt16175706	9.4	44
tt16231368	9.4	22
tt16234276	9.4	28
tt1634546	9.4	12
tt16425302	9.4	8
tt1651965	9.4	11
tt1670231	9.4	6
tt1671666	9.4	8
tt16755990	9.4	885
tt16981526	9.4	16
tt17007600	9.4	22
tt17062356	9.4	5
tt17077906	9.4	7
tt1739274	9.4	7
tt17507180	9.4	16
tt17632676	9.4	10
tt17833164	9.4	8
tt1803190	9.4	14
tt18163404	9.4	19
tt1827566	9.4	19
tt1830217	9.4	11
tt18689540	9.4	3508
tt1869512	9.4	9
tt1871404	9.4	11
tt18748606	9.4	22
tt1948111	9.4	5
tt19755352	9.4	50
tt1982570	9.4	5
tt19844024	9.4	58
tt19866256	9.4	5
tt1988329	9.4	14
tt20126768	9.4	18
tt20251428	9.4	5
tt20466784	9.4	5
tt21047686	9.4	28
tt21056816	9.4	25
tt21059208	9.4	24
tt21059378	9.4	17
tt21062574	9.4	31
tt2106535	9.4	12
tt21148148	9.4	8
tt21190316	9.4	24
tt2154478	9.4	22
tt2180483	9.4	7
tt2186681	9.4	83
tt2188776	9.4	7
tt2226824	9.4	286
tt2264978	9.4	145
tt2267820	9.4	21
tt2298144	9.4	25
tt2298501	9.4	12
tt2307824	9.4	23
tt2321644	9.4	6
tt2326666	9.4	19
tt2334501	9.4	43
tt2381790	9.4	10
tt2383247	9.4	17
tt2386439	9.4	29
tt2455454	9.4	15
tt2495452	9.4	739
tt2511254	9.4	16
tt2511506	9.4	6
tt2526312	9.4	7
tt2529396	9.4	31
tt2531090	9.4	7
tt2588308	9.4	325
tt2726134	9.4	6
tt2904572	9.4	6
tt2910420	9.4	3425
tt2920818	9.4	141
tt2961414	9.4	103
tt2967202	9.4	7
tt3016336	9.4	12
tt3018550	9.4	5
tt3027944	9.4	10
tt3077580	9.4	11
tt3109682	9.4	986
tt3130936	9.4	6
tt3132724	9.4	13
tt3136634	9.4	12
tt3138266	9.4	5
tt3328056	9.4	61
tt3328082	9.4	6
tt3381438	9.4	16
tt3408148	9.4	7
tt3443530	9.4	11
tt3503640	9.4	7
tt3513918	9.4	7
tt3539970	9.4	9
tt3560828	9.4	5
tt3577328	9.4	62
tt3595394	9.4	9
tt3662330	9.4	279
tt3684748	9.4	346
tt3696596	9.4	20
tt3784674	9.4	11
tt3787912	9.4	3340
tt3838922	9.4	8
tt3838966	9.4	16
tt3846958	9.4	21
tt3858844	9.4	5
tt3861696	9.4	5
tt3906380	9.4	5
tt3975604	9.4	5
tt4044238	9.4	5
tt4079630	9.4	33
tt4269350	9.4	8
tt4367920	9.4	22
tt4411682	9.4	95
tt4418144	9.4	5
tt4507568	9.4	5
tt4514926	9.4	20
tt4526492	9.4	5
tt4528852	9.4	7
tt4559906	9.4	52
tt4565432	9.4	7
tt4583448	9.4	25
tt4621790	9.4	45
tt4643336	9.4	16
tt4664182	9.4	705
tt4799112	9.4	6
tt4891192	9.4	9
tt4919802	9.4	272
tt4956310	9.4	163
tt4968752	9.4	94
tt5007458	9.4	22
tt5015752	9.4	5
tt5049258	9.4	20
tt5106096	9.4	14
tt5159122	9.4	8
tt5182892	9.4	26
tt5230894	9.4	5
tt5262746	9.4	5
tt5265646	9.4	18
tt5270650	9.4	37
tt5292714	9.4	6
tt5325614	9.4	10
tt5333078	9.4	5
tt5344460	9.4	320
tt5354848	9.4	70
tt5369048	9.4	13
tt5440946	9.4	5
tt5475446	9.4	5
tt5506152	9.4	9
tt5567294	9.4	7
tt5637348	9.4	73
tt5650766	9.4	9
tt5686330	9.4	6
tt5716726	9.4	6
tt5768046	9.4	12
tt5768460	9.4	5
tt5777784	9.4	11
tt5805936	9.4	9
tt5842744	9.4	10
tt5870782	9.4	10
tt5894180	9.4	34
tt5926548	9.4	7
tt5935234	9.4	17
tt5958184	9.4	5
tt6014396	9.4	66
tt6016034	9.4	10
tt6039912	9.4	53
tt6054362	9.4	11
tt6081240	9.4	100
tt6097892	9.4	6
tt6105788	9.4	22
tt6131004	9.4	6
tt6135076	9.4	17
tt6185752	9.4	18
tt6197624	9.4	42
tt6289570	9.4	9
tt6297668	9.4	18
tt6355382	9.4	6
tt6491434	9.4	1915
tt6506266	9.4	9
tt6554354	9.4	17
tt6558976	9.4	8
tt6615688	9.4	6
tt6616146	9.4	30
tt6616550	9.4	5
tt6678220	9.4	49
tt6711722	9.4	16
tt6715096	9.4	8
tt6722972	9.4	450
tt6758316	9.4	3120
tt6774100	9.4	36
tt6801560	9.4	557
tt6805362	9.4	64
tt6856936	9.4	8
tt6867356	9.4	15
tt6894812	9.4	11
tt6902054	9.4	20
tt6914162	9.4	8
tt6961914	9.4	15
tt7007162	9.4	14
tt7050804	9.4	5
tt7062560	9.4	14
tt7062574	9.4	14
tt7062592	9.4	14
tt7062604	9.4	14
tt7062624	9.4	14
tt7067028	9.4	11
tt7116458	9.4	18
tt7137290	9.4	750
tt7146712	9.4	7
tt7177206	9.4	6
tt7234530	9.4	12
tt7274624	9.4	6
tt7310898	9.4	5
tt7327508	9.4	8
tt7458658	9.4	9
tt7459096	9.4	36
tt7497256	9.4	35
tt7518474	9.4	5
tt7520640	9.4	207
tt7568474	9.4	11
tt7586874	9.4	8
tt7657124	9.4	164962
tt7664358	9.4	11
tt7757874	9.4	31
tt7767636	9.4	5
tt7863444	9.4	40
tt7871262	9.4	28
tt7898680	9.4	23
tt7979484	9.4	20
tt8004936	9.4	35
tt8035236	9.4	37
tt8055434	9.4	11
tt8159912	9.4	18
tt8160922	9.4	8
tt8163662	9.4	6
tt8219896	9.4	6
tt8250522	9.4	5
tt8276656	9.4	75
tt8284230	9.4	1427
tt8312654	9.4	8
tt8342370	9.4	8
tt8382032	9.4	47
tt8447198	9.4	8
tt8517720	9.4	10
tt8544596	9.4	41
tt8595350	9.4	366
tt8616050	9.4	10
tt8646748	9.4	52
tt8654142	9.4	5
tt8681272	9.4	132
tt8723154	9.4	82
tt8787820	9.4	18
tt8804428	9.4	20
tt8931180	9.4	18
tt8986906	9.4	77
tt9002164	9.4	8184
tt9215090	9.4	5
tt9253740	9.4	9
tt9262000	9.4	5
tt9319014	9.4	36
tt9378416	9.4	846
tt9383880	9.4	30
tt9441020	9.4	18
tt9450450	9.4	6
tt9471404	9.4	26213
tt9531064	9.4	9
tt9537008	9.4	434
tt9587254	9.4	28
tt9660682	9.4	16
tt9678754	9.4	64
tt9738302	9.4	5
tt9742160	9.4	15
tt9769818	9.4	11
tt9782202	9.4	5
tt9783836	9.4	37
tt9814956	9.4	33
tt0020435	9.3	14
tt0057092	9.3	12
tt0075536	9.3	140
tt0077051	9.3	4646
tt0108274	9.3	9
tt0108969	9.3	18
tt0111161	9.3	2608426
tt0132943	9.3	8
tt0138103	9.3	8
tt0151756	9.3	14
tt0158420	9.3	763
tt0160133	9.3	7
tt0161179	9.3	16
tt0182600	9.3	16
tt0192939	9.3	53
tt0197665	9.3	10
tt0201256	9.3	8
tt0211716	9.3	51
tt0216000	9.3	610
tt0216729	9.3	9
tt0218770	9.3	11
tt0223773	9.3	11
tt0225644	9.3	10
tt0252487	9.3	40342
tt0253266	9.3	7
tt0261037	9.3	38
tt0298959	9.3	18
tt0303148	9.3	8
tt0306414	9.3	329600
tt0310342	9.3	20
tt0316613	9.3	4750
tt0322344	9.3	10
tt0322693	9.3	7
tt0324884	9.3	29
tt0325853	9.3	342
tt0331982	9.3	12
tt0348513	9.3	7
tt0349853	9.3	15
tt0350446	9.3	13
tt0357979	9.3	18
tt0371436	9.3	152
tt0372967	9.3	28
tt0380088	9.3	22
tt0383795	9.3	5380
tt0389593	9.3	2361
tt0417299	9.3	302454
tt0420975	9.3	67
tt0437922	9.3	26
tt0439648	9.3	36
tt0453526	9.3	11
tt0459636	9.3	7
tt0762086	9.3	10
tt0772199	9.3	81
tt0783477	9.3	16
tt0790683	9.3	7
tt0791103	9.3	9
tt0806105	9.3	13
tt0819620	9.3	28
tt0844026	9.3	8
tt0887275	9.3	79
tt0889210	9.3	51
tt0891100	9.3	42
tt0972573	9.3	11
tt0989831	9.3	2089
tt0997462	9.3	11
tt10004372	9.3	8
tt10022848	9.3	392
tt10071606	9.3	84
tt10091698	9.3	38
tt10133046	9.3	15
tt1016156	9.3	29
tt10162630	9.3	52
tt1020864	9.3	230
tt10211804	9.3	44
tt10235926	9.3	122
tt10238844	9.3	53
tt10298024	9.3	21
tt10378512	9.3	20
tt10380324	9.3	69
tt1039967	9.3	20
tt10422388	9.3	23
tt10433512	9.3	15
tt10485396	9.3	55
tt10489608	9.3	6
tt10492484	9.3	8
tt10550054	9.3	6
tt10593126	9.3	54
tt1071927	9.3	19
tt10771948	9.3	184
tt10790842	9.3	7
tt10833152	9.3	7
tt10870258	9.3	34
tt10916104	9.3	26
tt10978626	9.3	144
tt10981076	9.3	411
tt11068228	9.3	28
tt11100764	9.3	18
tt11125820	9.3	142
tt11135910	9.3	63
tt11154960	9.3	11
tt11229382	9.3	12
tt1123395	9.3	7
tt11235574	9.3	11
tt11256956	9.3	28
tt11280912	9.3	525
tt11349824	9.3	320
tt11351186	9.3	18
tt11367634	9.3	60
tt11404052	9.3	28
tt11428808	9.3	7
tt11455702	9.3	7
tt11501556	9.3	426
tt11505706	9.3	8
tt11590122	9.3	22
tt11613096	9.3	13
tt11680472	9.3	1168
tt1170926	9.3	78
tt11759630	9.3	7
tt11773300	9.3	15
tt11777958	9.3	22
tt1179757	9.3	16
tt11802110	9.3	138
tt11807718	9.3	57
tt11815022	9.3	27
tt11841020	9.3	11
tt11866140	9.3	34
tt11872360	9.3	7
tt11905144	9.3	11
tt11911642	9.3	8
tt11988522	9.3	184
tt12060448	9.3	138
tt12104216	9.3	6
tt12169430	9.3	154
tt12187604	9.3	1325
tt1221843	9.3	8
tt12229360	9.3	6
tt12238000	9.3	1621
tt12245558	9.3	6
tt12319428	9.3	23
tt12324782	9.3	7
tt1236336	9.3	9
tt12366652	9.3	9
tt12392504	9.3	140373
tt12397682	9.3	7
tt12409620	9.3	10
tt12423408	9.3	2745
tt12474292	9.3	11
tt12478446	9.3	123
tt12478522	9.3	12
tt12495406	9.3	16
tt12498616	9.3	20
tt12500424	9.3	30
tt12509880	9.3	7
tt12511606	9.3	1799
tt12524210	9.3	6
tt12551800	9.3	7
tt12580824	9.3	12
tt12607400	9.3	11
tt12619884	9.3	44
tt12724922	9.3	31
tt12764158	9.3	7
tt12798264	9.3	70
tt12861616	9.3	247
tt12889398	9.3	24
tt12909482	9.3	292
tt12949564	9.3	14
tt1295089	9.3	10
tt12968268	9.3	10
tt1298819	9.3	85
tt13007596	9.3	31
tt13055458	9.3	16
tt13069718	9.3	7
tt13090994	9.3	16
tt13094256	9.3	511
tt13105836	9.3	9
tt13110920	9.3	19
tt13175646	9.3	40
tt13196438	9.3	118
tt13197812	9.3	12
tt13252208	9.3	50
tt13276438	9.3	10
tt13318478	9.3	6
tt13387706	9.3	55
tt1339174	9.3	7
tt13399106	9.3	9
tt13404210	9.3	14
tt1340575	9.3	8
tt13430682	9.3	11
tt13432848	9.3	27
tt13438694	9.3	18
tt13444724	9.3	14
tt1344876	9.3	15
tt1347117	9.3	7
tt13494994	9.3	94
tt13496430	9.3	38
tt13522698	9.3	16
tt13529508	9.3	28
tt13560276	9.3	13
tt13582670	9.3	68
tt13666674	9.3	82
tt13667134	9.3	34
tt1367122	9.3	13
tt13701810	9.3	8
tt13729624	9.3	11
tt13804634	9.3	7
tt13836524	9.3	59
tt1389468	9.3	26
tt13897634	9.3	40
tt13921426	9.3	9
tt13952664	9.3	7
tt13956824	9.3	30
tt13982552	9.3	6
tt1402197	9.3	36
tt14090476	9.3	2072
tt14125350	9.3	20
tt1412738	9.3	292
tt1414454	9.3	14
tt1414504	9.3	23
tt1414520	9.3	18
tt14211326	9.3	11
tt14282256	9.3	7
tt14294416	9.3	28
tt14369324	9.3	43
tt14402084	9.3	68
tt14454116	9.3	6
tt1455256	9.3	12
tt14565414	9.3	2154
tt14617946	9.3	20
tt14628220	9.3	14
tt14667600	9.3	15
tt14674964	9.3	13
tt14677670	9.3	12
tt14736688	9.3	22
tt14747784	9.3	58
tt14833800	9.3	6
tt14985732	9.3	15
tt15017998	9.3	25
tt15055082	9.3	7
tt15073642	9.3	15
tt15218050	9.3	1751
tt15238852	9.3	11
tt1525571	9.3	11
tt15313532	9.3	47
tt15331666	9.3	41
tt15340094	9.3	64
tt15343560	9.3	7
tt15347628	9.3	640
tt15374798	9.3	25
tt1538885	9.3	12
tt15391262	9.3	56
tt15416740	9.3	221
tt1541858	9.3	19
tt15426958	9.3	7
tt15477976	9.3	75
tt15576624	9.3	11
tt15586678	9.3	13
tt15664492	9.3	19
tt15719636	9.3	9
tt15801260	9.3	6
tt15822246	9.3	38
tt1587711	9.3	41
tt1590933	9.3	51
tt1591472	9.3	23
tt15964372	9.3	2677
tt1599330	9.3	10
tt16115550	9.3	12
tt16156984	9.3	34
tt16176568	9.3	26
tt16234346	9.3	19
tt16245160	9.3	19
tt16272516	9.3	10
tt16369058	9.3	73
tt1639863	9.3	12
tt16410336	9.3	25
tt16411446	9.3	15
tt16478910	9.3	16
tt1655429	9.3	17
tt1677556	9.3	7
tt1684856	9.3	253
tt16931028	9.3	15
tt17003316	9.3	14
tt1700437	9.3	11
tt17007270	9.3	21
tt1702417	9.3	27
tt17278398	9.3	9
tt1735348	9.3	7
tt17505924	9.3	196
tt17522042	9.3	411
tt1756633	9.3	38
tt1756640	9.3	116
tt17640966	9.3	48
tt1787057	9.3	34
tt1791606	9.3	7
tt1820685	9.3	16
tt18247358	9.3	44
tt18293874	9.3	14
tt1831136	9.3	19
tt18341292	9.3	7
tt1836753	9.3	15
tt1845324	9.3	15
tt18749342	9.3	30
tt1886756	9.3	11
tt19047500	9.3	19
tt1930304	9.3	21
tt19363972	9.3	6
tt19380934	9.3	15
tt19396436	9.3	430
tt19401962	9.3	8
tt19636284	9.3	20
tt19799058	9.3	589
tt19845504	9.3	1319
tt19882482	9.3	5847
tt1993390	9.3	7
tt20118526	9.3	7
tt20231494	9.3	20
tt20420416	9.3	15
tt2061319	9.3	11
tt2063241	9.3	5896
tt2070707	9.3	26
tt2070761	9.3	7
tt20778280	9.3	7
tt20850260	9.3	8
tt2089578	9.3	855
tt2090741	9.3	12
tt21048836	9.3	11
tt2104986	9.3	9
tt21108242	9.3	10
tt21188026	9.3	7
tt2120506	9.3	10
tt2142691	9.3	9
tt2143796	9.3	97
tt2175959	9.3	91
tt2192408	9.3	8
tt2207655	9.3	9
tt2218802	9.3	19
tt2219704	9.3	43
tt2229283	9.3	7
tt2248647	9.3	17
tt2257347	9.3	17
tt2260775	9.3	8
tt2292971	9.3	72
tt2298225	9.3	128
tt2298297	9.3	7
tt2300823	9.3	33
tt2313295	9.3	9
tt2314205	9.3	18
tt2337446	9.3	11
tt2348531	9.3	4771
tt2369323	9.3	50
tt2430074	9.3	12
tt2478440	9.3	17
tt2479942	9.3	20
tt2582038	9.3	8
tt2603634	9.3	25
tt2630058	9.3	25
tt2634634	9.3	6
tt2637990	9.3	8
tt2641252	9.3	8
tt2705720	9.3	12
tt2738346	9.3	21
tt2763442	9.3	6
tt2814502	9.3	25
tt2846058	9.3	16
tt2852640	9.3	16
tt2877530	9.3	75
tt2938376	9.3	418
tt2977674	9.3	12
tt3019438	9.3	10
tt3029962	9.3	26
tt3097728	9.3	9
tt3109706	9.3	2456
tt3220846	9.3	41
tt3230756	9.3	8
tt3246616	9.3	707
tt3314400	9.3	76
tt3334096	9.3	24
tt3352984	9.3	42
tt3433586	9.3	28
tt3462582	9.3	15
tt3541032	9.3	21
tt3560862	9.3	9
tt3760060	9.3	143
tt3761196	9.3	8
tt3793864	9.3	44
tt3835150	9.3	11
tt3893956	9.3	97
tt3899226	9.3	16
tt3923326	9.3	30
tt3990282	9.3	10
tt4038478	9.3	7
tt4122870	9.3	10
tt4135932	9.3	8
tt4136642	9.3	24
tt4250036	9.3	9
tt4253346	9.3	12
tt4324876	9.3	19
tt4345618	9.3	8
tt4384644	9.3	9
tt4387826	9.3	10
tt4512212	9.3	12
tt4523322	9.3	19
tt4531966	9.3	44
tt4556682	9.3	91
tt4570674	9.3	40
tt4604666	9.3	8
tt4605146	9.3	10
tt4700726	9.3	26
tt4777694	9.3	7
tt4906318	9.3	9
tt4925050	9.3	8
tt4930046	9.3	11
tt4934240	9.3	8
tt4949460	9.3	10
tt4959762	9.3	10
tt4972442	9.3	47
tt4981726	9.3	108
tt5004118	9.3	13
tt5038252	9.3	11
tt5072986	9.3	20
tt5079346	9.3	18
tt5085248	9.3	8
tt5087514	9.3	11
tt5091300	9.3	30
tt5122948	9.3	6
tt5123416	9.3	744
tt5128292	9.3	17
tt5131890	9.3	6
tt5136570	9.3	47
tt5171170	9.3	7
tt5213932	9.3	10
tt5247284	9.3	20
tt5264812	9.3	21
tt5376982	9.3	7
tt5463164	9.3	13
tt5510930	9.3	19
tt5532258	9.3	8
tt5547882	9.3	131
tt5569674	9.3	11
tt5570598	9.3	140
tt5607290	9.3	13
tt5663190	9.3	6
tt5723564	9.3	10
tt5735236	9.3	30
tt5768980	9.3	38
tt5785800	9.3	16
tt5804086	9.3	13
tt5806384	9.3	51
tt5819190	9.3	7
tt5865494	9.3	262
tt5886254	9.3	8
tt5917406	9.3	69
tt5929848	9.3	13
tt5935114	9.3	6
tt5958356	9.3	28
tt5968046	9.3	14
tt5994794	9.3	74
tt6114830	9.3	72
tt6131300	9.3	7
tt6133052	9.3	16
tt6143970	9.3	34
tt6159624	9.3	9
tt6169726	9.3	9
tt6173576	9.3	13
tt6206488	9.3	15
tt6220628	9.3	44
tt6226458	9.3	11
tt6321972	9.3	99
tt6355030	9.3	76
tt6373450	9.3	7
tt6417140	9.3	27
tt6473986	9.3	7
tt6604894	9.3	11
tt6723478	9.3	15
tt6770338	9.3	7
tt6772586	9.3	25
tt6780706	9.3	21
tt6786070	9.3	280
tt6798026	9.3	15
tt6818096	9.3	42
tt6868594	9.3	24
tt6922138	9.3	20
tt6984028	9.3	183
tt6992120	9.3	7
tt7016570	9.3	21
tt7030950	9.3	16
tt7053290	9.3	6
tt7062582	9.3	13
tt7093138	9.3	50
tt7109482	9.3	13
tt7122400	9.3	29
tt7175878	9.3	10
tt7186362	9.3	31
tt7192768	9.3	8
tt7234406	9.3	8
tt7242256	9.3	11
tt7292828	9.3	28
tt7305048	9.3	121
tt7383626	9.3	39
tt7415686	9.3	975
tt7444748	9.3	68
tt7502248	9.3	7
tt7504492	9.3	38
tt7509652	9.3	6
tt7512472	9.3	26
tt7520764	9.3	7
tt7540724	9.3	7
tt7545950	9.3	10
tt7558662	9.3	15
tt7592934	9.3	27
tt7593094	9.3	545
tt7628180	9.3	447
tt7650360	9.3	27
tt7683166	9.3	29
tt7690588	9.3	1331
tt7722500	9.3	9
tt7793002	9.3	31
tt7876914	9.3	26
tt7908070	9.3	12
tt7929604	9.3	11
tt7967862	9.3	1110
tt8002626	9.3	87
tt8028024	9.3	17
tt8051872	9.3	6
tt8099226	9.3	41
tt8109740	9.3	31
tt8151734	9.3	29
tt8188888	9.3	61
tt8223802	9.3	238
tt8269182	9.3	9
tt8297674	9.3	88
tt8322158	9.3	8
tt8382768	9.3	15
tt8417346	9.3	12
tt8526010	9.3	76
tt8526312	9.3	66
tt8589616	9.3	14
tt8616164	9.3	7
tt8642936	9.3	11
tt8653606	9.3	23
tt8656696	9.3	38
tt8684708	9.3	16
tt8700540	9.3	8
tt8757198	9.3	60
tt8788222	9.3	1157
tt8831290	9.3	35
tt8847430	9.3	6
tt8893430	9.3	364
tt8917574	9.3	151
tt8918666	9.3	6
tt8927366	9.3	44
tt8929708	9.3	21
tt9013026	9.3	27
tt9013980	9.3	19
tt9025352	9.3	44
tt9059688	9.3	16
tt9059838	9.3	23
tt9248866	9.3	8
tt9263550	9.3	12537
tt9288296	9.3	19
tt9343826	9.3	1069
tt9355418	9.3	368
tt9408578	9.3	76
tt9426096	9.3	36
tt9490926	9.3	6
tt9589006	9.3	46
tt9620768	9.3	241
tt9635826	9.3	102
tt9646546	9.3	397
tt9743544	9.3	21
tt9847946	9.3	69
tt9866712	9.3	48
tt0019525	9.2	18
tt0032450	9.2	9
tt0066704	9.2	975
tt0068646	9.2	1804040
tt0069699	9.2	16
tt0071075	9.2	25391
tt0092999	9.2	659
tt0101712	9.2	6
tt0113511	9.2	10
tt0120927	9.2	36
tt0135321	9.2	6
tt0138020	9.2	160
tt0140753	9.2	8
tt0141842	9.2	378896
tt0148895	9.2	148
tt0149018	9.2	112
tt0157217	9.2	2916
tt0159171	9.2	6
tt0160502	9.2	6
tt0161164	9.2	24
tt0161523	9.2	25
tt0162092	9.2	10
tt0171011	9.2	117
tt0172971	9.2	8
tt0180598	9.2	7
tt0188346	9.2	6
tt0190489	9.2	5
tt0191714	9.2	3989
tt0191942	9.2	5
tt0206326	9.2	8
tt0214081	9.2	6
tt0214329	9.2	149
tt0214920	9.2	6
tt0217378	9.2	9
tt0224967	9.2	7
tt0229269	9.2	8
tt0230036	9.2	21
tt0230451	9.2	7
tt0231880	9.2	21
tt0232037	9.2	26
tt0242767	9.2	49
tt0245310	9.2	26
tt0245619	9.2	12
tt0246394	9.2	24
tt0246792	9.2	128
tt0249278	9.2	30
tt0250471	9.2	34
tt0251800	9.2	31
tt0252687	9.2	48
tt0252777	9.2	6
tt0257328	9.2	6
tt0258355	9.2	32
tt0260423	9.2	9
tt0260737	9.2	77
tt0278227	9.2	19
tt0281312	9.2	10
tt0283402	9.2	7
tt0285401	9.2	22
tt0288978	9.2	337
tt0290567	9.2	19
tt0294645	9.2	31
tt0295783	9.2	46
tt0295799	9.2	44
tt0298799	9.2	16
tt0304949	9.2	13
tt0306308	9.2	56
tt0307760	9.2	7
tt0307784	9.2	27
tt0316322	9.2	24
tt0317041	9.2	6
tt0320839	9.2	9
tt0321354	9.2	17
tt0321435	9.2	35
tt0324836	9.2	392
tt0324837	9.2	18
tt0324875	9.2	23
tt0327418	9.2	13
tt0331734	9.2	20
tt0346331	9.2	60
tt0354319	9.2	6
tt0360502	9.2	43
tt0362368	9.2	42
tt0369983	9.2	7
tt0371464	9.2	14
tt0371560	9.2	5
tt0374070	9.2	6
