tconst	directors	writers
tt0160316	NULL	NULL
tt0204101	nm0229244,nm0490253,nm0590511,nm0624002,nm0667686,nm0952670	nm0009126,nm0490253,nm1195607
tt0229892	nm0761055,nm0134018	nm0163210,nm0665651
tt0478531	nm5453906	nm5440887
tt10121834	nm1270930	nm1270930
tt10188844	nm11954824,nm10622541	nm10622541
tt10445282	nm1362612	nm2463566
tt10448568	nm4779082,nm10599251,nm8344394	nm4779082,nm8344394,nm10939895,nm10753028
tt10793596	nm4683796	nm3110868,nm3578545
tt11238530	nm3449336,nm11109955	nm9866056,nm11866078,nm1442572,nm11866079,nm11866095,nm11109962,nm11109960,nm11109963,nm11109961
tt11355654	nm1987706	NULL
tt11429932	nm11196925	nm11196926,nm11196925
tt11431748	nm11197300	nm11197300
tt11477750	nm6030211	nm6030211
tt11481658	NULL	NULL
tt11731024	nm1011887	nm1011887
tt12516382	NULL	nm9969529,nm11661716
tt12612250	nm4896383	NULL
tt12669996	nm8854491	nm8854491,nm8857231,nm8670713,nm9984608
tt13156822	nm9357011	NULL
tt13162656	nm7705497	nm7705497
tt13224394	nm11730281	nm6835758,nm11730281
tt13241608	nm3448387	nm3448387,nm6314752,nm11963431
tt13388966	nm12032077	nm12032077
tt13479840	nm6131031	nm12073441
tt13567338	nm6515908	nm12111146,nm6515908
tt13617202	nm4235621	nm4235621
tt13774214	NULL	nm11343269
tt14206954	nm8520135	NULL
tt14391264	nm6072850	nm12459725
tt14477782	NULL	nm12498540
tt14626184	nm1885584	nm1885584,nm6898644
tt1500916	nm0924170	nm0263543,nm0337710,nm3594364
tt15086352	nm2457457	nm13249105,nm2457457
tt15108182	nm9148892	nm9148892,nm12786341
tt15243520	nm12911815,nm12916879,nm12916880,nm12916878,nm12916883,nm12916881,nm3097774,nm5357206,nm9031035,nm12916877,nm12916870,nm12916871,nm12916891,nm12851541,nm12909156,nm12851538,nm12911203,nm12916875,nm12851539,nm12851540,nm12916885,nm5284694,nm12909155,nm1290	nm12911775,nm12911776,nm12911773,nm12911772,nm12911771,nm12911774,nm12911458,nm12851558,nm12917813,nm12917815,nm12917816,nm12917814,nm12851564,nm12851560,nm12851559,nm12851563,nm12851566,nm12851561,nm4973367,nm12851562,nm12851565
tt15301994	nm12861406	NULL
tt15333582	nm11271325	NULL
tt15386480	nm12917452	nm12917452
tt15458126	nm12888408	nm12951893,nm2703622,nm13371197
tt15561862	nm8349000	NULL
tt15726098	nm1156658	nm0445233,nm1156658,nm2636728,nm2733579
tt16194702	nm11559018	nm11559018
tt16310940	nm6250902,nm1961805	nm1192046,nm6250902
tt16762816	nm5954636	nm5954636
tt17001790	nm3266312,nm7664327	nm3266312,nm7664327
tt17506078	NULL	nm3801060
tt17519848	nm12523605	NULL
tt18225750	nm13034656	nm13034656
tt18313156	nm13430494	NULL
tt18353108	nm8723905	nm11889928
tt18372080	nm1703983	nm1703983
tt19113518	NULL	NULL
tt1918943	nm0210283,nm3322225	NULL
tt19715754	nm10194309	nm10194309
tt19783474	nm12585361,nm10431153	nm10431153
tt19797258	nm13596427	nm3535133,nm4636515
tt19812758	nm13600551	NULL
tt20414862	nm5937739	nm5937739
tt20455074	nm4896383	nm4896383,nm7155069
tt21036122	nm10671611	NULL
tt21083296	nm9574275	nm9574275
tt21091528	nm13498791,nm12334780	nm13742040,nm12334780,nm13763705
tt21094962	nm9202318	nm13778564
tt21111272	nm9825894	nm9825894
tt21114222	nm12334780,nm13498791	nm13742040,nm12334780
tt21154882	nm13798959	nm13798959
tt21158494	nm4093986	nm4093986
tt21192652	nm0477215	nm0477215
tt21198540	nm12535823	nm12535823
tt2491128	nm3646033	nm4488888,nm3646033,nm5348063
tt2831468	nm4395548	nm2023513,nm2472626,nm4395548
tt4335666	nm4030888	NULL
tt0209842	nm0028491,nm0133345	nm0326852
tt0262958	nm0792528	nm0023764
tt0456708	nm1340002	nm1340002
tt0461730	nm0619792	nm1929664
tt10024036	nm3955487	nm3955487
tt10116578	nm10589229	NULL
tt10126744	nm1011172,nm3740437,nm1695408	nm1011172,nm3740437,nm6871673,nm1695408
tt10322518	nm1364177	nm10200223
tt10763220	nm9645331	nm9645331
tt10856470	nm9760148	nm9760148
tt10943828	nm9154906	nm8822622,nm10547430,nm4311132,nm9154906
tt11526658	NULL	NULL
tt11554404	nm8358487	nm11249211,nm2556703,nm9427111,nm8358487
tt12008442	nm11438771	NULL
tt12171110	NULL	nm0607848
tt12331872	NULL	nm8270694
tt12502840	nm11657132	nm11657132
tt12544540	nm8690492	NULL
tt12564100	nm4947502,nm3793475,nm3793546,nm3792709,nm3873157,nm3833313,nm6194289,nm5278349,nm5099469,nm12315073,nm5279141	NULL
tt12593524	NULL	NULL
tt13049430	nm1881313	nm6855677,nm6855676,nm9612768,nm6655173,nm1881313
tt13174734	nm11933124	nm11953273
tt13288608	nm10140613	NULL
tt13356638	nm1255154	NULL
tt13484382	nm8258374	NULL
tt13593052	NULL	NULL
tt13659956	nm12154474,nm6245037	nm12154474
tt13902918	nm12259239,nm12258405	nm6846830,nm12258405,nm12259239
tt1412450	nm1997420	nm1997420
tt14145690	nm7825339	nm7825339
tt1426931	nm1549022	nm0608296
tt1427969	nm3436137,nm3436727	nm2741248
tt14385526	nm12459725	nm12459725
tt14456264	nm4561125	nm12488503,nm4561125
tt14849234	nm12661673	nm12661673
tt1486793	nm1297226	nm1297226
tt14908682	nm12690451	NULL
tt14916260	nm10749013,nm2861244	nm2861244
tt15084766	nm12775852	nm12775852
tt15130940	nm13574410,nm12796848	NULL
tt15134118	nm6430467	NULL
tt15198614	nm6851811	nm6922157,nm0845440
tt15225196	nm10673607	nm10673607
tt1542366	nm2658805	nm2658805
tt15520608	nm3285629	nm12981122,nm3285629,nm12981123
tt15613780	nm11624299	nm11624299
tt15765156	NULL	NULL
tt16078250	nm13124689	nm13147637,nm13272885,nm13147639,nm13504449,nm6684133
tt16359962	NULL	NULL
tt16409928	NULL	nm5418018,nm0427638,nm9693679,nm0670447
tt16751496	nm10918238	nm10918238
tt16767916	nm3621730	nm8007460,nm10768571,nm0419494
tt1684692	NULL	nm0918436
tt16960858	nm4485468,nm9743068	nm4485468,nm11696876,nm9743068
tt16977882	nm2300945,nm3441973,nm4468659	nm1903262,nm1416643,nm4691963,nm13659882,nm0600694,nm3204073,nm2069704,nm13536498,nm0227837,nm13536535,nm0394325,nm12818059,nm12818061
tt17318026	nm13325112	NULL
tt17492706	nm10598927,nm13338809	NULL
tt1781470	nm1699163,nm0704479	NULL
tt1792500	nm3126259	nm1093727,nm3126259,nm4720399
tt1809337	NULL	NULL
tt18247294	nm13399046	nm13399046
tt18250296	nm3402605	nm12281768,nm3402605
tt18334580	nm0392227,nm6588609,nm0840075	nm1078437,nm6588609,nm0392227,nm0840075
tt18924570	nm6097141	nm12956869
tt18973230	nm0950986	nm0950986
tt19495610	nm13564869	NULL
tt20240740	nm1353162	NULL
tt20766864	nm13715897,nm13715896	nm13715898,nm13715896
tt20769662	nm13716399	nm12285017
tt20916366	nm6575405	nm9266128
tt21101694	nm10575776	nm10575776,nm13782016
tt21209936	nm8212916	nm8212916
tt2227107	nm4889793	nm4889793,nm2306017,nm4889406,nm3535605
tt2593350	nm1973846	nm1973846
tt2633916	nm5471077	nm5471077
tt2720024	nm0633642	nm0633642
tt2721956	nm2412447	NULL
tt2788294	nm5584282	nm5584282
tt2906986	nm5072032	nm5072032
tt3018584	NULL	NULL
tt3022498	nm2273914	nm2273914
tt3455094	nm0261498	NULL
tt3804044	nm0754671	NULL
tt4211854	nm6396211	NULL
tt4339104	nm7042126	nm7042126
tt4526504	NULL	NULL
tt5206478	nm3765839	nm3765839
tt6149200	nm4924884	NULL
tt6173440	NULL	NULL
tt6439480	nm8719792,nm13087520	nm13087520
tt6717648	nm9209661,nm3849943,nm2368882,nm8888238,nm8888236	NULL
tt6765628	nm0789059	nm0789059
tt6877136	nm8071530,nm6481774,nm5083320	nm0137016,nm8850693
tt7151672	nm9140277	nm9140285
tt7389916	nm2603627	nm2603627
tt7464864	nm3695724	nm3695724,nm9320913,nm9353719
tt7828336	nm9530700	nm9530700
tt7963292	nm1761269,nm3578332	NULL
tt8363486	nm8331592	nm8331592
tt8560108	nm9909105	nm7328704,nm1151094
tt8560994	nm5663366	nm5663366,nm11544010,nm1242398,nm9909867
tt8611580	nm0856040	nm12978690,nm12978691,nm0856040
tt9753072	nm3073006	NULL
tt0012623	nm0398464	nm0206425,nm0398464
tt0143768	NULL	NULL
tt0213211	nm0450184	nm12585108,nm8698620
tt0307860	nm0158339,nm0151511	nm0430801
tt1032198	nm4060618	nm4060618
tt10443578	NULL	NULL
tt10482446	nm10764694	nm10764694
tt10526388	nm1923042,nm7021588	nm10785618
tt10623586	nm2279942,nm4295116	NULL
tt10738058	nm10219734	nm10219730
tt10895784	nm6915712	nm6915712
tt10928372	nm10283020	nm10283020,nm0426432,nm10285823,nm0607659
tt11076052	nm1803279	NULL
tt11150774	nm8879149	NULL
tt11192224	nm10977492	nm10977492,nm11004690
tt11207734	NULL	NULL
tt11361302	NULL	nm11167476
tt11384560	nm0963055	nm1268543,nm4650260
tt11391464	nm10760069	nm10760069
tt11469940	nm11215227	nm11215227,nm9142140
tt11477320	NULL	NULL
tt11524214	nm5903939	nm5903939
tt11638474	nm0233002	NULL
tt11714160	nm1245286	nm1362937,nm1571117,nm2891978,nm4027065
tt11926728	nm11405210	nm11405210
tt1199551	nm0891815	nm0891815
tt12193734	nm2570760	nm9828848,nm11519822,nm11519821
tt12250574	nm8914821	NULL
tt1235490	NULL	NULL
tt12357128	nm3432466	nm3432466
tt12409000	nm4004398	nm4004398
tt12678584	nm0170891	nm10715010
tt12729258	nm10065321	nm10065321
tt13063578	nm11818184	nm11818184
tt13253148	nm2666268	nm2666268,nm11969477
tt13443468	nm5893407	nm5893407
tt13545924	nm5954636	nm5954636
tt13617678	NULL	NULL
tt1367321	nm3307205	nm3307205
tt13721002	nm8150896	nm8150896,nm10367884,nm11332582
tt13721954	NULL	NULL
tt13839300	nm3324760	nm5802849,nm12071573,nm3324760,nm10136452,nm5321009
tt14482824	nm11701026	nm11701026
tt14484756	nm8968557,nm12501341	nm8968557,nm12501341
tt14552832	nm12531150	nm12531150
tt14622282	NULL	NULL
tt14811976	nm4347845	nm12664679
tt14884078	nm12055587	nm5035395
tt15169386	nm4423307,nm7613978	nm2265208,nm4274640,nm11121549,nm9267782
tt15244854	nm2177308	NULL
tt15375846	nm12912011	NULL
tt15405402	nm12927544	nm12927544
tt15408864	NULL	NULL
tt15418312	nm12699169	nm12699169
tt15427936	nm3370475	nm12938007,nm3359121
tt15545368	nm3156825	nm3156825
tt15614514	nm13015523	nm13015523
tt15893628	nm0580334,nm1159727,nm4233236	nm0580334,nm13662303,nm11531783
tt16271746	nm3832025	nm13167749
tt16291794	nm12789179,nm12789178,nm12789177	nm12789179,nm12789178,nm12789177
tt16369346	nm10301822	NULL
tt16370004	nm10999714,nm13197329	nm13197329,nm10999714
tt16436030	nm13219427	nm13348710
tt16443058	NULL	NULL
tt16579002	nm11283931	NULL
tt16743692	nm11624301	NULL
tt16747572	nm4129990	NULL
tt16803184	nm11324466,nm8517067	nm8517067
tt16945794	nm13276528	nm13276528
tt16984916	nm7223787	nm10741445,nm13286698,nm13286699,nm13286697
tt17038732	nm8152260	NULL
tt17219994	NULL	nm11624302
tt17220122	NULL	nm13190918
tt17499652	NULL	nm11624303
tt17592824	nm9726610	nm13358144,nm13358141
tt18072306	NULL	NULL
tt1823030	nm1586120	NULL
tt18766736	nm8877778	nm0297987
tt18815714	nm6410057	nm6410057,nm7622198
tt19036070	nm8618769,nm13514069,nm12140525	nm8618769
tt1918146	nm3957812	nm3957812
tt1920865	nm2368408	nm2368408
tt19382948	nm13547987	NULL
tt19466994	nm13562901,nm13562900,nm13562899	nm13562902,nm13562904,nm13562903
tt19862408	nm13614695,nm13614696	NULL
tt19902148	NULL	NULL
tt19996158	nm13634681	nm13634682
tt20205270	nm13652919	nm13652919
tt20413120	nm13680827	NULL
tt20912228	nm13498791	nm13742040,nm13498791,nm4538313
tt20989130	nm12334780,nm4538313,nm13498791	nm13742040,nm13498791,nm4538313
tt21052610	nm12334780,nm13498791	nm13742040,nm12334780,nm13498791
tt21059328	nm12334780,nm13498791	nm13742040,nm12334780,nm13498791
tt21065098	nm13498791,nm12334780	nm13742040,nm13498791,nm13763705
tt21071618	nm13768454	nm9635511,nm12109522
tt21087044	nm8358194	nm8358194
tt21103602	nm13374491	nm13782667
tt21139706	nm12334780,nm13498791	nm13742040,nm12334780
tt21143150	nm13793232,nm10194309	nm13793230,nm13793255
tt2250180	nm5142115	nm5142115
tt2304793	nm3995650	nm3995650,nm4953650
tt2920346	nm3767491	NULL
tt2925114	nm3850096	nm4397879,nm4931543,nm3850096,nm1851654
tt3097790	NULL	NULL
tt3188146	nm5948506,nm5948505	nm4531722,nm5948505,nm6253875,nm5948506
tt3681668	NULL	NULL
tt3854886	nm0737852	nm0737852,nm4311721,nm8605349
tt4364802	nm0589504	nm0918351
tt4524500	NULL	NULL
tt4598086	nm7256774	NULL
tt5635744	nm1564434	nm1564434
tt5798128	nm5347899	nm5347899
tt5961444	nm1363374	nm1363374
tt6102600	nm8331592	nm8331592
tt6409750	NULL	nm3822343,nm5675996,nm1248830,nm8698691,nm8698692
tt6467090	nm5382389	nm5382389
tt6641442	nm6255654,nm8844403	nm8844403,nm6255654
tt6707168	nm5139485	nm5139485,nm8145152
tt6795280	nm1035391	NULL
tt6991826	nm2751775	nm2751775
tt7575952	nm0384114	nm0384114
tt7678620	nm2787978,nm1068768,nm2961764,nm4420318,nm4449656	nm1068768,nm4816635,nm2155991,nm1479281,nm2961764,nm6066077,nm4420318,nm8591930,nm6441309,nm5239865,nm12909008,nm12985405
tt7880654	nm4440179	nm4440179,nm3072172
tt7999930	nm8331829	nm9624391,nm9624851
tt8014412	nm4440179	nm3072172,nm4440179
tt8092456	NULL	NULL
tt8585226	nm9919612	nm9919612
tt8628638	nm9937401	NULL
tt8819744	NULL	NULL
tt8868616	NULL	NULL
tt9002022	nm5573606,nm6968225	nm6968225,nm5573606
tt9163854	nm7273876,nm8133003	NULL
tt9170952	nm2501373	nm2501373,nm7445558,nm0135744
tt9332910	nm10280806,nm8442703	NULL
tt9653844	nm3493349	nm3493349
tt0122051	nm0732843	nm0147150,nm0165853,nm0513744,nm0732843
tt0160555	NULL	NULL
tt0192783	nm0479001	NULL
tt0258520	nm0707381	nm13219595,nm13219591,nm13219589
tt0276876	nm0651054	NULL
tt0328703	nm1186265	nm1276524,nm1277437,nm1278148
tt0340605	nm0875992	nm0697926
tt0405608	NULL	NULL
tt0410436	nm1621367	nm1621367
tt0439217	nm0723051	nm0723051
tt0444194	nm0380365	NULL
tt0496630	nm2111158,nm1750822	nm1750822,nm2111158
tt0825736	NULL	NULL
tt0888035	nm1201739	nm1201739,nm4822002
tt0984201	nm2228596	nm2228596,nm2228615
tt0997212	nm1463564	nm1463564
tt10041978	nm10556416	nm10556416
tt10176670	nm10547430,nm8999850	nm3992523,nm9664481,nm10547430
tt10198564	nm1595718	nm3112415,nm3323483,nm1595718
tt10207588	nm6997123	nm6997123
tt10235118	nm9253225	nm9253225
tt10394776	nm10722548	nm10722548
tt10515408	nm1896291	NULL
tt10635634	nm10836302	NULL
tt10793984	nm8060170	nm8060170
tt10820234	nm2147729	nm0491835
tt10941616	nm0064961	nm0064961
tt10942606	NULL	NULL
tt10975134	nm7458669,nm7653959	nm7458669,nm7653959
tt10999886	nm10995327	nm10995327
tt11162014	nm9887120,nm11075075	nm9887120
tt11210898	nm5366399,nm8561582	nm8561582,nm5366399,nm3176059
tt11231906	nm11090012	nm11090012
tt11242794	nm3260188	NULL
tt11274902	nm5972215,nm7840888,nm8594479	NULL
tt11322614	nm9252359,nm10035740,nm7149567,nm9293268	nm9252359,nm10173397,nm7149567,nm10035740
tt11357178	nm11165827	nm11165827
tt11396172	nm5862650,nm5841520	nm5841520,nm5862650
tt11426730	nm5954636	nm5954636
tt11434354	nm11199071	nm11199071
tt11530606	nm0599846	NULL
tt11602002	nm8884832	nm8884832
tt11634530	nm11283901	nm11283901
tt11737054	nm0619895	nm1330405,nm0619895
tt11779744	nm11358335	nm11358335
tt11808666	nm8268681	nm8268681
tt11814014	nm1820818	nm9456115
tt1181659	nm0170058,nm2480212,nm0185160,nm0386324,nm0934070,nm0000776,nm0154038,nm0204209,nm0001565	nm0277421,nm0285610,nm0285617,nm0804048,nm0449958,nm0941702,nm0635455,nm2440787,nm1563063,nm0428478,nm0528383
tt11916726	nm7169738,nm4566425	nm4566425
tt11969160	nm11422572	NULL
tt12003010	nm2313766	NULL
tt12022472	nm11328366	nm11328366
tt1205482	nm1531832	nm1531832,nm1620376
tt12064936	nm2777365	nm2777816,nm2777365
tt12082296	nm3081648	nm3081648
tt12264330	nm7021588	NULL
tt12466764	NULL	NULL
tt12489826	nm11407818,nm10196148,nm11407819	nm11407818,nm10196148,nm11407819
tt12663404	nm4264350,nm1667342,nm11758602	nm4264350,nm12171159,nm2553109,nm1667342,nm11758605,nm9604875,nm11758602,nm11809161,nm11721541,nm12159748,nm11961786,nm11964826,nm7220660,nm12153568,nm12209627,nm1595580,nm12406532,nm7901077,nm2169301,nm12926843,nm5036760
tt12739846	NULL	nm11223856,nm9896212,nm7685800,nm5897550
tt12821214	nm7118032	nm11784492,nm7118032
tt12887646	nm11659677	nm11661981,nm11659676
tt12910874	nm10935381	nm10935381
tt12932922	nm10999714	nm10999714
tt12956928	nm11839107,nm11839108,nm11839109,nm11839110	nm11839110,nm11839108,nm11839109
tt13114406	nm11901676	nm11901676,nm2808251
tt13155204	nm11925798	NULL
tt1326946	nm1645641	nm3203543
tt1327804	nm2422001	NULL
tt13292864	NULL	NULL
tt13339174	NULL	NULL
tt13385026	nm5361428	nm12029858,nm5361428,nm12029859,nm12029857,nm12029856
tt13429306	nm4596522	nm4596522
tt13434070	nm11407813	nm11407818
tt13535000	nm12096917	nm12096917,nm12096918,nm12096919,nm1500614,nm9556494,nm12096920,nm1474718
tt13594640	nm12124247	nm12125775
tt13617908	nm12135405	NULL
tt13670558	nm12159077,nm8677900	NULL
tt13718118	nm2470538	nm2470538
tt13723290	nm9304568	nm9304568
tt13819228	nm10977492	nm10977492,nm11004690
tt13860798	nm0094306,nm12505504,nm5582599,nm4520964	NULL
tt13977028	nm12412515,nm0294862	nm5035703,nm12412515,nm2154777
tt13983614	nm12292600,nm12292598,nm12292599	NULL
tt14015296	nm1883831	nm1883831
tt14065070	nm4920146	NULL
tt14135822	nm2003835	nm12358034,nm2003835
tt14161138	NULL	NULL
tt14207646	nm0369558	nm12389080,nm0369558,nm1001042
tt14271260	NULL	NULL
tt1430147	nm3435778,nm3420632,nm3437949	NULL
tt14308604	nm10115397	NULL
tt14328346	NULL	NULL
tt14398168	nm4370684,nm11769072,nm9858155,nm12464877	nm4370684,nm12474777
tt14480590	nm11121070	nm11121070
tt14496874	NULL	NULL
tt14508146	nm12511583	NULL
tt14560506	nm12534032	nm12534032
tt14685246	nm6128755	nm6128755
tt14691506	nm12452733	nm12452733
tt14780538	nm4631766	nm7861815
tt14866614	nm5819276	nm12668616
tt14888920	nm5954636	nm5954636
tt14912868	nm9471083	nm13145774,nm2783503,nm6252943
tt14947734	nm5954636	nm5954636
tt15008626	nm5150067,nm10761255	nm5150067
tt15010766	nm7643322	nm7643322,nm9975382
tt15028398	nm4159441	nm12749478
tt15030252	nm12750751	nm12750751
tt15141270	nm12998372,nm12802645	nm8510740
tt15162242	nm12446894	nm12446894
tt15170646	nm9392731,nm4871094	NULL
tt15208178	nm6577033	nm8390426
tt15243416	nm8224828	nm8224828
tt15341150	nm2636594	NULL
tt15382090	NULL	nm12915670
tt15388062	nm12918860	NULL
tt15459728	nm9108194	nm9108194
tt15508906	nm4705139,nm3726191,nm5050919,nm4937182,nm9240755,nm1993675	nm10459977,nm12976019,nm12976020,nm8098757,nm2793226,nm5604608,nm11173073,nm11396653,nm4793190,nm12976021,nm9721928
tt1561809	nm3720297	nm3720297
tt15662618	nm13021601	nm13021601
tt15721450	nm12329683	nm12329683
tt15733098	NULL	NULL
tt15744288	nm13712311	nm11681785
tt15754974	nm8175128,nm12971281,nm12971581	nm12971581,nm10886522
tt15891060	nm9779102	nm13102321,nm12880896,nm13102351,nm9779102,nm13102326
tt1602035	nm3810602	nm3810602
tt16211448	NULL	nm0179132,nm0614436,nm0625621
tt16226960	nm8314446	nm8314446
tt16239960	nm11624301	NULL
tt16279386	nm11723955	nm2800579,nm11723955
tt16376240	nm13198804	NULL
tt16383720	NULL	nm13188608
tt16394154	NULL	nm11624303
tt1639811	NULL	nm2765658,nm2973389
tt16409916	NULL	nm0614436,nm0625621
tt16417168	nm13241185,nm2204795	nm4493704,nm2204795
tt16444976	nm8568994	nm12820098,nm11001011,nm12820070,nm1802080,nm13227714,nm5209081,nm2203555,nm11410287,nm5864878,nm12780210,nm1773608,nm13227948
tt16479376	nm13188608	nm13188608
tt16491364	NULL	nm11624301
tt16491384	NULL	nm11624301,nm11624305
tt16530124	nm11624304	nm11624304
tt16532108	nm13234175	nm13234175
tt16539566	nm13236208	NULL
tt16585662	nm11624301	NULL
tt16740148	nm13253609	nm13253609
tt17007480	nm2724671	NULL
tt17007700	nm0533558	nm2505579,nm0533558,nm13293271
tt17132400	nm8334468	nm8334468
tt1742447	nm3888358,nm1381646	nm1398764,nm3949412
tt1744574	nm1246857	nm4419973,nm1246857
tt17507072	NULL	NULL
tt1754780	nm1813063,nm1745298	nm1813063,nm1745298
tt18071570	nm13377055	nm13377055,nm1912826
tt18115222	NULL	NULL
tt18183916	NULL	nm13390047
tt18246580	nm13399046	nm13399046
tt18249730	nm12138572,nm13462546	nm5749087
tt18352648	nm1552541	NULL
tt1857302	NULL	NULL
tt18647364	nm13477715	nm13477715
tt18970130	nm11041455	nm13513991
tt18986740	nm13512098	nm13512121
tt18989934	nm13513274	nm13513274
tt19353052	nm10540950	NULL
tt19407604	nm10618956	nm12668616
tt1952732	nm4494968	NULL
tt1954322	nm4386292	nm4386292
tt19769530	nm13591778	nm13591778
tt19800030	nm13597865,nm13597866	nm11627771
tt19812518	nm0104843,nm2903002,nm0760523	NULL
tt19858036	NULL	nm13613436
tt19896526	nm4142638	nm4142638
tt20455262	nm13693314	nm13693314
tt2077755	nm0463761	nm0229100,nm0463761
tt20855288	nm13727647	nm8238290,nm8523515,nm10787196,nm9704712
tt2101257	nm4735353	nm4735353
tt21074228	nm11581799	nm11581799
tt21094328	nm10971845	NULL
tt21097730	nm13498791,nm12334780	nm13742040,nm12334780
tt21108248	nm13498791,nm12334780	nm13742040,nm12334780
tt21115330	nm12334780,nm13498791	nm13742040,nm12334780
tt21140954	nm13498791,nm12334780	nm13742040,nm12334780
tt2118013	nm3995650	nm2413832,nm3995650
tt2119535	nm2897157	nm0738818,nm0780107
tt2185170	nm4679871	nm4680680,nm6023017
tt2214163	nm3336538	nm3336538,nm2095199
tt2273509	nm4926818	nm4926818,nm5153659
tt2320761	nm4156982	nm2134664,nm4156982,nm4718017
tt2322106	nm5200719,nm5201541,nm5200879	nm1863568,nm5201249,nm5200885
tt2400629	nm11204078,nm2128101,nm6187697,nm2140301,nm2139164	NULL
tt2492910	nm5381703,nm0792156	nm5381211,nm4664038
tt2497092	nm5378228	nm5454017,nm5378228
tt2674348	nm0416819,nm0810200	nm4759363,nm0601881
tt2859890	nm2273709	nm2273709,nm2835784
tt2909296	nm5668696	nm4962797,nm5668696
tt3069042	nm4242448	NULL
tt3090950	nm1202972	NULL
tt3369738	nm6121287	nm6121287
tt3552146	nm5101425,nm5291080	nm5291080,nm5101425
tt3568938	nm4435664	nm1309643,nm2438921
tt3801246	nm6567478	NULL
tt3815114	nm6579963	NULL
tt3820326	nm6579963	nm6621472,nm4893737,nm6579963
tt3824254	nm0347893,nm0347892	nm0347892,nm0347893,nm6589828
tt4023836	nm6757504	NULL
tt4157822	nm6876936	NULL
tt4372732	nm1502981	nm1502981,nm1545705
tt4538674	nm2838520	nm2838520
tt4778960	nm0821325	nm0821325
tt4866704	nm3274832	nm3274832
tt4998488	nm0486047	NULL
tt5119202	nm6866095,nm2569779,nm7657445	nm9741809,nm2569779,nm0689168
tt5195806	nm2387808	NULL
tt5310246	nm5699998	NULL
tt5345958	nm0348246,nm9593927,nm4034632	nm0348246,nm4034632,nm0540019
tt5351492	nm7859897	NULL
tt5482352	nm0247560	NULL
tt5525758	nm0015846,nm1245286	nm7976248,nm7976249,nm4012272
tt5622316	nm0420817	nm0197828
tt5686364	nm2811859	NULL
tt5750608	nm1182533	nm1182533
tt5888250	NULL	nm8759441,nm0356321,nm8759440,nm8292004
tt5908772	nm0323738	nm5423070
tt5965110	nm4122344	nm4122344,nm8360657
tt6054882	nm3772946,nm1802105	nm5932183,nm10201121
tt6070524	nm1219301	nm1219301
tt6182430	nm5161733	nm1939445,nm1577445
tt6432868	nm2810506	nm2810506
tt6568676	nm1468828	nm1468828
tt6675482	nm4140928	nm4140928,nm8742365
tt6714754	nm4205976	nm13497955
tt6873814	nm2782214	nm2782214
tt7107628	nm8122237,nm8116718,nm2024795	nm2024795
tt7246468	nm9197557	nm9197557
tt7310902	NULL	NULL
tt7414870	nm9294534	nm1966311,nm9294534
tt7581170	nm9386173	nm12682111
tt7658162	nm9430885	NULL
tt7865962	NULL	NULL
tt7866314	NULL	NULL
tt7871368	nm9554088	nm9554088
tt8103440	nm9678594,nm9678593	nm9678594,nm9678593
tt8105446	nm5416847	NULL
tt8120954	nm7498698	NULL
tt8257760	nm9759078	nm9759078,nm5464745,nm3359600,nm8623880
tt8379912	nm2364125	nm0019723,nm8135234,nm5755233,nm4484414,nm3571527,nm4011753,nm2943476
tt8397926	nm4886024	nm4886024
tt8478132	nm1035818	nm1035818
tt8479980	nm1584941,nm1584942	nm1584942
tt8544176	nm4903955	NULL
tt8571428	nm9913084	nm9913084
tt8801570	nm8682802,nm5325339,nm7959839,nm8237783,nm8237780	nm8682802,nm11191879,nm8237784,nm8237780,nm8237783,nm7959839
tt8825548	NULL	nm10037386
tt9052412	nm6484261	nm6484261
tt9135286	nm0090627	nm0010237,nm0090627,nm2379515,nm2286191,nm0744178,nm4413417,nm0772036,nm10298806
tt9248932	nm8334743,nm1998257,nm1096734,nm1753501	nm10045338,nm7084617,nm3487984,nm12143858,nm13078863,nm1651888,nm13436771,nm8334743,nm10565114,nm0746103,nm7662711,nm9697136
tt9518824	nm10361717	nm10361719
tt9597430	nm5425764	nm5425764
tt9658036	nm1231196	nm2724127,nm1231196
tt9664688	NULL	nm10307148
tt9686346	nm12061529,nm12018128,nm11998626	nm12018119,nm2883828
tt9690224	nm8156371,nm9721191	nm8156375,nm8156371,nm9721191
tt0060679	nm0784019	nm3520597,nm3380733
tt0144563	nm0655230	nm10249706
tt0220878	nm0422874	nm10329490,nm1622380,nm2888825,nm1521002
tt0273022	nm0332769	nm0067917,nm0516433
tt0305275	nm1104333	nm1104514
tt0361156	nm0881276	nm0825061
tt0375442	nm1407432	nm1422283
tt0381350	nm1776049	NULL
tt0416680	nm0484210	nm1650307
tt0444740	nm1823289,nm1847722,nm2745744,nm3642673,nm1370007,nm3537087,nm1709241,nm1760726,nm1715488,nm3469455	nm2760879,nm1300378,nm1847934,nm1709241
tt0446582	NULL	nm0417652
tt0885042	NULL	NULL
tt0903747	nm0001093,nm0258066,nm0110644,nm1041475,nm1028558,nm0002835,nm0719307,nm0793062,nm0186505,nm0570995,nm1720541,nm0354024,nm0568192,nm0806252,nm0332467,nm0118778,nm0426059,nm0008971,nm0934525,nm0533713,nm0319213,nm0006853,nm0400486,nm2297407,nm0575389	nm0319213,nm0332467,nm2297407,nm1028558,nm0909124,nm1041475,nm1112464,nm0793062,nm3755126,nm0510937
tt0907613	nm1618185	nm1246334
tt10006510	nm10541446	nm12324954,nm9362153
tt10038128	nm10555100	nm10555100
tt10045002	nm10531566	NULL
tt10153822	nm4823973	NULL
tt10156610	nm6183531	NULL
tt10167146	nm9740214,nm8290846	NULL
tt10175522	nm5671506	nm5671506
tt10177960	nm2389291	nm2389291
tt10203450	nm10629510,nm10630993,nm10629511	nm10629510,nm10630993,nm10629511
tt10218112	nm2031440	nm2031440
tt1028579	nm0016918,nm0524188	nm0016918,nm0524188
tt10398168	nm2866662	nm9320341
tt1056128	nm2396890,nm2005584	NULL
tt10666722	nm8370357	nm8370357
tt10669762	NULL	NULL
tt10680606	nm5579304	nm5579304
tt1073077	nm1742493,nm2313806	nm2718266
tt10741030	nm10858686	NULL
tt10750318	nm5417451,nm6031411	nm6031411,nm8259596,nm6275496,nm13258159,nm3969376,nm11944912,nm10883759,nm10616750
tt10895566	nm8636352	nm8636352
tt10910920	nm10859672	nm10859672
tt10918170	nm9477194	nm9477194
tt10919594	nm10859672	NULL
tt10935540	nm6293441	nm6293441,nm10973986
tt10950526	nm11126415	nm1503103,nm11126415,nm1503045
tt11011668	nm9403278	NULL
tt11135912	nm1771598	NULL
tt11232948	nm8471560,nm1834382	nm1834382
tt11289784	nm9039606,nm9039605,nm6179964	nm6179964,nm9039606
tt11291234	nm11128343	NULL
tt11375824	nm2033601	nm6570400
tt11387112	nm11178394	nm11178394
tt11453842	nm11207242	nm7074945,nm11207242
tt11511476	NULL	NULL
tt11663036	nm7333456	nm7333456
tt11681634	nm1005096,nm6284906	nm6489217,nm2099237
tt11734728	nm11328347,nm11328346	nm11328346,nm11333328,nm11333329
tt11742932	NULL	NULL
tt11767922	nm1883920	NULL
tt11779334	nm11347994	nm11347994
tt11806450	nm5470981	NULL
tt11905274	nm4489288	nm4489288
tt11952822	nm6484261	nm6484261
tt12043078	nm11453726	nm11453726
tt12057854	NULL	nm0496899,nm2747668
tt12180672	nm5954636	nm5954636
tt12245570	nm9304568	NULL
tt12246812	nm9501324	nm9501324
tt12271548	nm0804923,nm0172558	nm0172558,nm0804923
tt1230566	nm3009077	nm3009077
tt12306846	nm9139891	NULL
tt12336660	nm5954636	nm5954636
tt12363156	nm0387344	NULL
tt12385356	nm8071233	nm8071233
tt12397218	nm4620544,nm6195515	nm6195515,nm4620544
tt12478308	NULL	NULL
tt12490740	nm11652176	nm11652176
tt12491026	nm11652400	nm11652413
tt12511004	NULL	NULL
tt12526464	nm11666412	nm10062641,nm11666419,nm11666412
tt12547676	nm10629510	nm10629510
tt12562584	nm11624301	nm11624301
tt12572082	nm11552232	nm11552232
tt12751950	nm9475882,nm8684587,nm0614336,nm5758955,nm0413232,nm2423918,nm9485014,nm4784441,nm11910000,nm4510779,nm8821239	nm9490823,nm2423918
tt1276377	nm1628233	nm1652179,nm1628233
tt12845758	nm11794368	NULL
tt12881156	nm0739410	nm10527109,nm0739410,nm3729006,nm11339041,nm11314602
tt12980094	nm11405210	nm11405210
tt12986680	nm11850546	NULL
tt13090972	nm4464857	nm4464857
tt1311070	nm0553843	NULL
tt13153678	nm0002345,nm1147357	nm0861197,nm1147357
tt13191804	NULL	NULL
tt13223854	nm0456239	nm0456239
tt13269402	NULL	NULL
tt13464516	nm13623331	NULL
tt13528560	nm2940580	nm2934992,nm2940580
tt13587614	NULL	NULL
tt13615428	nm12134085	nm12134106,nm12134085,nm1210498
tt13640498	NULL	NULL
tt13661068	nm5165653	nm5165653
tt1369730	nm1729053	nm1729298
tt1371780	nm0585880	nm2660044,nm3078263
tt13774212	nm0694336	nm7442348,nm2004747,nm1686528
tt13807990	nm6370845,nm13735212	NULL
tt13828460	nm5694647	nm5694647
tt13870160	NULL	NULL
tt13873262	nm2550293,nm9498148	nm2550293,nm9498148
tt1396550	nm3398391	nm3398391
tt14016762	nm5990613	nm0384892
tt14021802	nm12306377	nm12306377
tt14023406	nm2652020	NULL
tt14109368	nm12003147	nm12003147
tt14235880	NULL	NULL
tt14316618	nm11670613,nm11701023,nm11701024,nm11701026	nm11670613,nm11701024,nm11701023,nm11701037,nm11701081,nm11701025
tt14316932	nm12329203,nm11701026,nm11670613	nm11701026,nm11670613,nm11701081,nm12329203,nm11701024
tt14332510	nm12439185	NULL
tt1442169	nm4383732	NULL
tt14454856	nm12488032	NULL
tt14469318	nm2696682	nm9522225,nm2696682,nm12494877
tt14528694	nm12520270	nm12520270,nm13255399
tt14544434	nm8122930	nm8122930
tt14547620	nm11701026,nm12749154,nm12054219,nm11670613,nm11701081,nm11701024,nm11701037	nm11670613
tt14623018	nm9856570	nm9856570
tt14662334	nm12801606	nm4162211
tt14713752	nm12602892	NULL
tt14726574	nm8563849	NULL
tt14781302	nm11159985	nm11159985
tt14814162	nm12228386,nm12060776,nm12138965	nm12060776,nm12647540
tt14859678	nm10616521	nm11520528
tt14866630	nm3005544	nm2506350,nm3005544
tt15036150	nm12753274	nm12753274
tt15046058	NULL	NULL
tt15079900	nm10625519,nm12773598	nm11138477,nm6352729
tt1516120	nm2817186	NULL
tt15164232	nm6971575,nm8744910	nm8744910,nm6971575
tt15170026	nm0482316	nm12352449,nm11995742,nm0482316
tt15199052	nm8812615,nm8812614	nm8812614
tt15218458	nm12716071	nm12716071
tt15287644	nm5954636	nm5954636
tt1538131	nm1311680	NULL
tt1539078	nm2947932	nm2947932
tt15414468	nm12804395	nm12804395
tt15440304	nm10546826	nm10546826
tt15503216	nm1126474	nm9339115,nm8601848,nm9311501,nm0944727
tt15508282	nm0304872,nm1972317	NULL
tt1565884	nm1644494	nm1644494,nm2051365
tt15672158	NULL	NULL
tt15685446	nm1894965	nm10023021,nm1894965,nm5880034
tt15782616	nm13037810	nm13079776
tt1585863	nm3745266	nm0829093
tt15881774	nm5954636	nm5954636
tt1593562	NULL	nm0196143
tt16139080	nm4027968	NULL
tt16228146	nm13152104	nm13152104
tt16352480	NULL	NULL
tt16369752	nm0656091	nm13197183
tt16410958	nm13210588,nm13210587	nm13210605,nm13221111,nm13210604,nm13210606
tt1666687	NULL	nm0293480,nm0312367,nm0783328,nm0914245
tt16709520	nm13249036	nm13012655,nm13012654,nm13012656,nm12337046,nm13249037
tt16743878	nm9877904	nm9877904
tt1682913	nm3966398	nm3966398
tt17009418	nm13312448,nm13312449	NULL
tt17043084	nm13299307	nm13299422,nm13299307,nm13299423
tt17044168	nm11093690	nm11093690
tt1723732	nm5975735	NULL
tt1727688	NULL	nm1563399,nm4734259,nm1563634,nm3913121
tt1733555	nm2913073	nm2913073
tt17677734	nm1240047	nm1240047,nm2386556
tt17678214	NULL	nm1525726
tt1773824	nm4172097,nm4172112	nm4172097
tt1786756	nm3826102,nm4204194	nm4204194
tt1795606	nm4222644	nm1096005
tt1821553	nm4012615	NULL
tt18247320	nm13399152	nm13399152
tt18272676	nm8879765	nm8879765
tt18291328	nm13420046	nm6485539,nm5415327
tt18334552	nm13435129	nm7289593
tt18346084	nm9052612	nm9052612
tt1852112	nm0482541	nm0482541
tt18751116	nm13486753,nm13486664	nm13486753
tt19161980	nm9654826	NULL
tt19365368	nm4704862	nm4704862
tt19501758	nm13566719	nm13566719
tt19514312	nm13568242,nm13568229	nm13568229,nm13568239,nm13571035
tt19638434	nm10859077	NULL
tt19718808	nm4235335	NULL
tt19759096	nm1976416,nm7657548	nm7657548,nm4605948,nm1976416
tt19797804	nm2890826	nm2890826
tt19888200	nm13627158	nm13627158,nm12961975
tt20224106	nm13659184	NULL
tt2023634	NULL	NULL
tt20356188	nm1543906	nm1543906
tt20449548	nm12486513	NULL
tt20722204	nm13707220	nm13707220
tt2083935	nm1626841,nm4959612	nm1626841,nm3982118
tt20852754	nm13729935	nm13729935
tt21048424	nm13758080	nm13787205,nm13758080
tt21068482	nm4713889	nm4713889,nm13767398
tt21099140	nm4789907	nm4789907
tt2110659	nm4772096	nm8582897
tt21116530	nm13789909,nm13793093	nm13789909,nm13793093
tt21154868	nm13798939	nm13798939
tt21160742	nm12363597	nm12363597,nm13763936
tt21194300	nm13808909	NULL
tt2119525	nm0937319	nm0937319
tt2131852	NULL	nm0411199
tt2298792	nm2716176	NULL
tt2354568	nm0220834,nm7080093	nm0220834,nm13150997,nm2590010
tt2354831	nm2656064,nm1538677,nm3133182,nm1511118	NULL
tt2399640	nm5276289	NULL
tt2430004	nm2845962,nm9247481	nm5302708
tt2473590	nm4165982	nm4165982
tt2669078	nm2930323	nm5499997,nm2930323,nm5510493
tt2884508	nm5072032	nm5072032
tt2907906	nm3255133,nm2470675	nm5014707,nm3255133
tt3062514	NULL	NULL
tt3203868	NULL	NULL
tt3271300	nm6026055	nm6026055
tt3292606	nm6046341,nm3341086	nm3341086,nm6046341
tt3381790	nm3167849	nm3167849
tt3421194	nm2290259,nm6171503	NULL
tt3586962	nm3054265	nm7253931,nm3054265,nm3837166,nm5375520
tt3774662	nm0314068,nm1105798	nm5069051,nm0314068
tt3846434	nm1162029	nm6613786,nm1162029
tt4023464	nm3078850	NULL
tt4033858	nm0943445	nm0943445
tt4151864	nm6872171	nm6872171
tt4257166	nm3574053	nm3574053
tt4338684	nm12055336,nm12037912,nm1347745,nm6811641	nm1504988,nm12043556,nm1347745,nm12040924,nm12037915,nm12053678,nm6811641
tt4431118	nm3680341	NULL
tt4461690	nm1482659,nm5248661	nm5248661,nm1482659
tt4482740	nm6963015	NULL
tt4588636	nm2119259	nm1684644
tt4773864	nm4276353	nm4276353,nm3089411
tt4882470	nm6687297,nm1962933,nm6611791,nm7192210,nm7217381	nm7192210
tt4896744	nm5303918,nm5302866	nm5303918,nm5302866
tt4939232	nm0898595	NULL
tt5152888	nm6105128	nm5483022,nm6105128
tt5161786	nm5832270	nm5832270,nm7696192
tt5163920	nm0795359	nm0104161
tt5333750	nm3243433	nm3243433
tt5426530	nm3457819	NULL
tt5671368	nm5460131	nm5460131
tt5761026	NULL	nm4122761
tt5770076	nm6367537,nm7598958,nm9633254,nm7905969,nm3990421,nm1474210,nm4427453,nm4455802,nm4443537,nm4755127,nm6203432,nm5930277	NULL
tt5775366	nm8187569	NULL
tt5830284	nm3832858	nm3832858
tt5890418	nm8291223	nm8291224,nm8291223
tt5908892	nm2366663	nm1242068
tt5930042	nm4299374	nm4299374,nm8229193,nm4570829,nm8761333,nm2335163,nm5468603,nm6026642
tt6216234	nm3025903	nm3025903,nm6833620
tt6338720	nm5643041	nm5643041
tt6428148	nm7243709	nm7243709,nm8711422
tt6657642	nm3332802	nm3332802
tt6685014	nm4274191	nm4274191,nm8870300
tt6730328	nm0041393	nm2947395
tt6777604	nm2598150,nm1381505	NULL
tt6863916	nm3865222	NULL
tt7022926	nm5569461	NULL
tt7034712	nm2855080	nm2855080,nm2636593
tt7302010	nm9231765	nm9231765
tt7336838	nm7950667	nm0383713
tt7354646	nm8093244	nm8093244
tt7381620	nm3284890,nm3744320	NULL
tt7391516	nm0420926	nm0420926
tt7546114	nm3615748,nm3629325,nm7770329,nm8172400,nm4852991,nm2127314,nm3301050,nm3192710,nm2736851,nm1246550	nm3615748,nm3629325,nm8172400,nm7770329,nm4666879,nm8357603,nm5340602,nm6442007,nm3354256,nm2897602,nm5748419,nm5302717,nm2050324,nm3293702,nm4410278,nm5532335,nm6744645,nm4742231,nm4758507,nm6086396,nm4574975,nm2127314,nm4881490,nm6663166,nm5040516,nm238
tt7693402	nm9456660	nm9456660
tt7747698	NULL	NULL
tt7908126	nm0092810	nm0092810
tt7981224	nm4991904	nm8998894
tt8118944	nm9687034	nm9687034
tt8203520	NULL	nm9729227
tt8362886	nm9812409	NULL
tt8421408	nm5661017,nm7254880	nm5661017
tt8550276	nm9904014,nm12065389	nm12065389,nm9904014
tt8815210	nm0064798,nm0244306,nm0725898	NULL
tt8880826	NULL	NULL
tt8888392	nm0994509	nm0994509
tt8937100	nm2061831,nm2064521	nm2061831,nm2064521
tt9044540	nm4191586,nm2410683	nm3125553
tt9168988	nm2589122	nm2589122
tt9263636	nm9662124,nm10252133	nm9882555,nm4097540,nm5119575
tt9280792	nm9733126	nm9733554
tt9378692	nm4799854	nm4799854
tt9394856	nm1869577	nm1869577
tt9660674	nm10426131	nm10426131
tt9686178	nm1253499	nm1253499
tt9772452	nm9519034	nm9519034
tt9872558	nm8277874	NULL
tt0009851	nm0223460	nm0681309,nm0780107,nm0813928
tt0014572	nm0050846	nm0050846,nm0856842
tt0027944	nm0363235	nm0363236,nm0250870,nm0363235
tt0069651	nm0835786	nm0356227,nm0913961
tt0106996	nm0259915,nm0383148	NULL
tt0117521	nm4326491,nm1315282	nm0689482
tt0131252	NULL	NULL
tt0134350	NULL	NULL
tt0143404	nm0457046	NULL
tt0160134	NULL	NULL
tt0160135	NULL	NULL
tt0182348	nm0229268	nm0229268
tt0183819	nm2051766,nm0427582	NULL
tt0185260	nm0475441	nm0073845,nm0194436,nm0438213,nm0506833,nm0727584
tt0188335	nm5484289	NULL
tt0191740	nm0277056,nm0541806	nm2520129,nm0229301,nm0438785,nm3380474,nm3379993,nm0417734,nm0420448,nm0541806,nm0652445,nm3380010
tt0209860	nm0554045,nm0953323	nm0276935
tt0214697	nm2470405	NULL
tt0218269	nm0108412	nm5857114
tt0221771	nm0290544	nm1196230
tt0233555	nm0471468	nm0471468,nm0754164
tt0241888	nm0418923	nm0418923
tt0244911	nm0619053	nm3633421,nm0621255
tt0247628	nm0482541	nm0482541
tt0248647	NULL	NULL
tt0253456	nm0671708	NULL
tt0266237	nm0062214	nm0062214
tt0287858	nm0241017,nm0507461,nm1664668,nm0936451,nm0875966,nm0360324	nm0086842,nm1014222,nm0800954,nm0923538
tt0310509	nm0470119,nm1194001,nm1119351	nm1061627,nm6500416,nm0449363,nm1638890,nm0506860,nm10210584,nm4410864
tt0319762	NULL	nm0922878
tt0336410	nm0826452	nm0826452
tt0342606	nm0390437	NULL
tt0349955	nm1309528	NULL
tt0356775	nm1323764	nm12381848
tt0369749	nm1032977	nm2792120,nm1876198
tt0386214	nm1491592,nm1492103,nm1492472	nm1491926,nm0313583,nm1497225,nm1493229,nm1491941,nm1494215
tt0395774	nm1369879	nm1369879
tt0396609	nm1530433	nm1530433
tt0401008	nm0999994,nm1580710,nm10702100,nm1558927	nm1558927,nm0999994
tt0413833	nm0616543	nm0616543
tt0424390	nm0643276,nm1142638	nm0643276,nm1142638
tt0452877	nm1856802	nm1389372
tt0454209	nm1048574	nm4669159,nm0271485
tt0485719	nm2077497,nm2083328	nm2077497,nm2083328,nm2183111
tt0783663	nm0541589	nm2212325,nm0541589
tt0795373	nm1977674	nm1977674
tt0821065	nm0473151,nm3052082,nm0392706,nm0608236,nm0383872	nm1310189,nm0383872,nm0392706,nm0608236,nm1179058
tt0827528	nm2206685	nm2206685,nm2205267
tt0846989	nm1347179,nm0208100	NULL
tt0907649	nm0333841	NULL
tt0957936	NULL	NULL
tt0982863	nm1869791	NULL
tt10077680	nm6250902	nm4533895
tt10077856	nm4700587	NULL
tt10110366	nm10586123	nm10586123
tt10119538	nm1337727,nm8582009	NULL
tt1016209	nm0774965,nm0583433	NULL
tt10267598	nm6183836,nm0646391	nm3472465,nm2150386
tt10293464	nm10670293	nm10670293
tt1039953	nm2671449	nm2440399
tt10445280	nm10746417	NULL
tt10540476	nm3725497,nm10642118,nm10410213,nm10509707	nm8088368,nm1815940
tt10582106	nm9781163,nm7881148,nm9981618,nm8754988,nm9317813,nm5987229,nm12170751,nm4967186,nm5811446	nm4967186,nm9981618,nm8754988,nm10690834,nm10811782,nm7514435,nm10811790
tt10716888	nm4870808,nm10872276	nm4870808,nm10872276
tt10738796	nm5954636	nm5954636
tt10763054	nm2016727	NULL
tt10763222	nm5332596	NULL
tt10768188	nm10896151	nm10896151
tt10777568	NULL	nm4109993
tt10786802	nm4626098	nm4626098,nm10028368
tt10914894	nm4688965	nm11799278
tt10915200	nm0137234	nm0137234
tt10928202	nm10969193	nm10969193,nm9153136,nm11231008
tt10943888	nm8999850	nm10547430,nm9651726,nm12465634,nm9151522,nm8999850,nm9154906,nm7496687
tt10953232	nm4398547	nm4495779,nm4398547,nm8366820
tt10955384	nm4735289	NULL
tt11058466	nm0466629	nm0466629
tt11070050	nm6595102	nm6408301
tt1109631	nm2293493	nm1578879,nm2293493,nm2392007
tt11120182	nm10330943	nm10330943
tt11163184	nm7146404	nm7146404
tt11231816	NULL	NULL
tt11306896	nm6579465	NULL
tt11347614	nm0893651	nm11161468
tt11384328	nm11177210	NULL
tt11421116	nm1266318	nm1266318
tt11428992	nm11198656	nm11198656
tt11478280	nm11214703	nm11214703
tt11507832	nm5130799,nm5738533	nm5738533
tt11536684	nm3942705	nm3942705
tt11552492	nm8716861	nm8716861
tt11646442	nm10493372	nm11288944,nm10505814,nm10493372,nm11288945
tt11683942	nm4925599	nm4925599,nm5756129
tt11690438	nm11011293,nm11793693,nm11242756,nm11928068,nm10942230,nm10199134	nm11011293,nm11793693,nm10913031,nm12327162,nm11242756,nm11928068,nm10199134
tt11703166	nm3450267	NULL
tt11767890	NULL	NULL
tt11809248	nm11360194,nm4380937	nm8120276
tt11908344	nm1355738	NULL
tt11922314	nm10733939	nm10733939
tt11940818	nm8053807	nm11410669
tt11957200	nm11408563	NULL
tt11960634	nm4147929	nm4147929,nm3179723
tt12015730	nm11441618,nm11441617	nm11441618,nm11441617
tt12074174	nm2782021	nm2782021,nm10640890,nm11468211
tt12082388	nm4264418	NULL
tt12123430	nm1297226	nm6304108
tt12148314	nm0014152	nm0014152
tt12305222	nm10388828	nm8541237,nm7895507,nm4275821,nm12917729,nm12683292,nm8453834
tt12322110	nm11579978	nm11579978
tt12362644	nm10874030	NULL
tt12392416	nm1051124	nm1051124
tt1240536	nm2238827,nm1686852,nm1396377	nm0997989
tt1242864	nm2358765,nm0303212	NULL
tt12438762	nm0159224	nm0159224
tt12476820	nm1297226	nm6304108
tt12506076	nm5954636	nm5954636
tt1262932	nm2153871	nm2153871
tt12678438	nm5402349	nm5402349
tt12683304	nm11727574	NULL
tt12735950	nm6190049	nm6190049
tt12738064	NULL	NULL
tt12783496	nm3051494	nm1929856,nm1715449
tt12892750	nm1412171	nm1412171
tt12949692	nm1869577	nm1869577
tt12980080	nm0371067	nm0371067
tt13010696	nm6267353	NULL
tt13017688	nm2985037	nm2985037,nm11864345
tt13020194	nm0104200	nm0104200,nm0740622,nm0829661
tt13033424	nm4105058,nm2335574	NULL
tt13049714	nm11093689	nm11093689
tt13059804	nm8512079	nm8512079
tt13061956	nm2508865,nm2838253,nm2811364	NULL
tt13066464	nm2342430	nm1875430,nm1199107,nm2222515,nm2345089,nm2342430
tt13150872	nm8301182	NULL
tt13154212	NULL	nm10067402,nm11177662,nm11177661,nm11177660
tt13155270	nm11173576	nm5179332
tt13217104	nm7588949,nm7139302	nm7139302,nm7588949
tt1327834	nm0168370,nm3208946,nm0393869	NULL
tt1329348	nm3208883	nm3208883
tt1334109	nm3470039	NULL
tt13403584	nm11407818	nm11406635,nm10196148
tt13416756	nm9927372	nm9927372,nm7948210
tt13446396	nm10456480,nm10572110	NULL
tt13449566	nm7449659,nm8856503	nm8856505,nm9057953,nm10951058,nm11845922,nm7449659,nm8856503
tt13563118	nm12109637	nm12109637
tt13584878	nm11407818	nm11407818
tt13589914	nm7429908	nm7429908,nm8574643,nm12122029
tt13606224	nm12129645,nm12129646	nm12129645
tt1364202	nm1032977	nm13328766,nm3533612,nm1033297
tt13674472	nm5980942,nm7297412	nm5980942
tt13688836	nm6575471	NULL
tt13743934	NULL	NULL
tt1384356	nm2293493	nm2293493,nm2392007
tt13849026	nm10330746	nm2346665
tt13850432	nm4029297	NULL
tt13938012	nm8299010	nm12358296
tt13977664	nm1195672	nm1195672
tt13986218	nm12294275	nm8883758
tt1399000	nm1250536	nm3372168
tt13998258	NULL	NULL
tt14021760	nm5579304	NULL
tt14021782	NULL	NULL
tt14075320	nm9545893	nm9545893
tt14111130	nm12644970	nm12346071,nm12644970,nm3618781
tt14119896	nm10706152	nm10706152
tt14157444	nm0705560	nm13228686,nm11764861,nm1552211
tt14202596	nm1096104	nm1096104
tt14220586	nm2343919,nm1549573,nm12456759,nm5579954	nm12393821,nm1791933,nm8040987,nm12394214,nm12208709,nm3451654
tt14266662	nm12413642	nm12413642
tt14270850	nm8822622,nm2376655,nm10959509	nm9151522,nm10959509,nm8822622
tt14273718	nm12416385	NULL
tt1433236	nm3452132	nm3450553
tt14390520	nm12459725	nm3275616,nm12459725
tt14391292	nm0820078	nm12459725
tt14405000	nm12468157	nm12468158
tt14443814	nm12482614	nm12482614
tt14456590	nm3010017,nm9613730,nm5805772	nm3010017,nm5805772,nm9613730,nm12488800,nm12552639,nm4824552
tt14485794	nm12501765	nm12501765
tt14491186	nm5989823	nm5989823
tt14494456	nm2964705,nm1764784	nm3161732
tt1456093	nm3354775	nm3493745,nm3354775
tt14624264	NULL	nm2166842
tt14657412	nm2470677	nm2470677
tt14715806	nm12602988	nm12602991
tt14802816	nm3094270	NULL
tt14803120	NULL	nm12642784,nm12642783
tt14822070	nm10907945	NULL
tt14852398	nm4347845	nm2488741,nm4347845
tt14888290	nm11686196	nm10048013
tt14928598	nm9633525	nm9633525
tt14934142	nm8563849	NULL
tt14965300	nm3674533,nm0565111,nm3277135	nm1133475,nm8493023,nm2225682,nm1011079,nm3258469,nm1996791
tt14979340	nm6484261	nm6484261
tt14982986	nm9153808,nm9120256	NULL
tt15048230	nm9136069	NULL
tt15125674	nm12793960	nm12793960
tt15251018	nm12856420	nm12856420,nm4865997
tt15263138	nm7019609	NULL
tt15281368	NULL	NULL
tt1529717	nm0248316,nm0896874,nm0451891,nm0276886,nm1274901,nm0300416,nm0303114,nm0414257,nm0332769,nm0467226,nm0133246,nm0710069,nm0345983,nm5539605,nm0148041,nm3634481,nm5433647,nm4372003,nm0190425,nm0899266,nm5413358,nm0184227,nm5434366,nm0209759,nm0835875,nm095	nm0009766,nm0015399,nm0016043,nm0017301,nm3667622,nm4515641,nm0027173,nm0028058,nm0030478,nm0128819,nm5535627,nm0054045,nm0057024,nm5538409,nm0067917,nm0076111,nm0079348,nm5540494,nm0088640,nm1274901,nm1202051,nm0096568,nm0105408,nm0110156,nm0111576,nm011
tt1533112	nm2296797	nm2296797
tt15351800	nm6156569	nm1059277
tt1537381	nm0501328,nm3671953	nm3671953,nm0501328
tt1541627	nm3678927,nm0463273	nm0463273,nm3678927
tt1541661	nm2599625	nm2599625
tt15485366	nm12965946	nm12965946
tt15516018	nm13749286	nm13683874,nm13749286,nm13683873,nm7176688
tt1566188	nm1764631	NULL
tt15672122	NULL	NULL
tt15767042	nm2350823	nm2350823,nm2356347,nm2354675,nm2353609,nm2354977,nm2350439
tt15824146	nm0876059	nm0876059
tt15842064	nm13091781	nm4344487,nm13091783,nm13091782
tt15850402	nm13094758	nm13094758,nm13094761
tt16175706	nm7862884	nm6866455,nm7209325,nm9781868,nm9075668
tt16231368	nm10035578	NULL
tt16234276	nm11624298,nm11624299,nm11624301	nm11624298,nm11624299,nm11624301
tt1634546	NULL	nm1414840,nm0484073,nm1940349,nm2380807
tt16425302	nm0909763	nm3767468,nm0909763
tt1651965	nm1890210	nm1890210
tt1670231	nm3768255,nm2575681	nm2575681
tt1671666	nm3945645,nm2609572	NULL
tt16755990	nm1908800	nm10734163,nm1908800
tt16981526	nm11871083,nm5314023	nm11871083
tt17007600	nm13293196	nm11220660
tt17062356	NULL	nm13307716,nm10816706
tt17077906	NULL	NULL
tt1739274	nm2515561,nm6287496	nm4113578
tt17507180	nm12998221	NULL
tt17632676	nm5289825	nm5289825
tt17833164	nm9357395	nm4124363
tt1803190	nm3972435,nm4238889	nm4238889
tt18163404	nm6538925	nm6538925
tt1827566	nm0277892	nm0277892
tt1830217	nm3449998	NULL
tt18689540	nm7592847,nm1645741	nm10855910,nm4470708,nm8402699
tt1869512	nm1849697	nm1849697
tt1871404	nm3848006	nm3848006
tt18748606	nm0589719,nm1471003	nm10623005
tt1948111	nm4506927,nm4461519	nm4248032,nm4461519
tt19755352	nm3402605	nm12281768,nm3402605
tt1982570	nm1402433	NULL
tt19844024	nm7687350	nm7687350
tt19866256	nm2814060	NULL
tt1988329	nm4588924,nm4858873,nm6472102,nm4627080	nm1836108,nm4588658
tt20126768	nm13643282,nm13643281,nm13643283,nm13643280,nm12987297	nm13643281,nm13643280
tt20251428	nm5137243	NULL
tt20466784	nm13693532	nm13693537
tt21047686	nm13761132	nm13761132
tt21056816	nm10895964	nm13762038,nm10895964,nm13762039
tt21059208	nm1422242	nm8343201
tt21059378	nm5402349	nm5402349
tt21062574	nm13764639	NULL
tt2106535	nm0861842	NULL
tt21148148	NULL	NULL
tt21190316	nm13806343	nm13806343
tt2154478	nm3583561	nm3583561
tt2180483	nm2373878	nm7841945,nm2373878
tt2186681	nm0517665	nm0517665
tt2188776	nm0569364	nm1626458
tt2226824	nm4301979	nm7930802,nm4301979
tt2264978	nm2935048	nm4113628,nm2935048
tt2267820	nm5155818	nm5156175
tt2298144	nm2487373	nm5180952
tt2298501	nm3372047	nm4369995
tt2307824	nm0702997	nm5188324,nm0702997
tt2321644	nm5198580	nm5198580
tt2326666	nm4173965	NULL
tt2334501	NULL	NULL
tt2381790	nm0776916,nm1525553	nm1264069
tt2383247	nm4673298,nm2420968,nm11588834,nm5872635,nm0426347,nm4673404,nm3149934,nm4057561	nm3149934,nm0426347,nm4057561,nm2420968,nm3571662,nm6025874,nm1423080,nm4299596,nm9807671,nm2037106,nm4673404,nm9058178,nm4673298,nm7840792,nm7840814,nm8706828,nm9505200,nm9070135,nm5449208,nm9883931,nm9553524,nm9914516,nm6351441
tt2386439	nm1940442,nm1941244,nm3470753	nm6117216,nm3470753
tt2455454	nm5325110,nm5326148	NULL
tt2495452	nm1556165,nm0366327,nm5399715	nm1556165,nm5399715,nm0366327
tt2511254	nm0007110	nm0007110
tt2511506	nm2268380	nm2268380,nm3672389
tt2526312	nm4196402,nm4019912	NULL
tt2529396	nm2410983,nm1508843	nm5374684,nm1508843
tt2531090	nm2607825	NULL
tt2588308	nm3742069	nm5442894,nm5429459,nm4526074
tt2726134	nm0790180	nm0790180
tt2904572	nm3886143,nm4684610	NULL
tt2910420	nm5669454	nm5669361,nm5669380,nm5669487,nm8123230
tt2920818	nm2904305	nm2904305,nm2483310
tt2961414	nm3927153	nm5714334,nm3927153
tt2967202	nm0768172	nm0768172
tt3016336	nm5766890	NULL
tt3018550	nm0300416	NULL
tt3027944	nm1540978	NULL
tt3077580	nm1022180	nm1022180
tt3109682	nm3377111	nm12315914,nm5864480
tt3130936	nm1507113	nm1507113,nm5898427
tt3132724	nm3994785	nm5889981,nm3994785,nm8252695
tt3136634	nm0882296	nm6667558,nm0201304,nm1650373,nm4901594
tt3138266	nm2256144	nm2256144,nm0433312
tt3328056	nm4904763	nm4904763
tt3328082	nm9719030	nm9719030
tt3381438	nm0150503	nm0150503
tt3408148	nm1329162	nm3253005,nm1908311,nm0260304,nm2336044,nm2769564
tt3443530	nm7908149	nm7908149
tt3503640	nm2124394	nm2124394
tt3513918	nm6269513,nm0645403,nm4792649,nm6269514,nm6269516,nm6269515,nm3321782	nm6269516,nm4792649,nm6269514,nm3321782,nm6269515,nm6269513,nm5068007,nm6269518,nm6413433
tt3539970	nm2500996,nm1227019	NULL
tt3560828	nm3247935,nm2279819	nm6317890
tt3577328	nm3180325	nm6630042
tt3595394	nm4885260	nm4885260
tt3662330	NULL	NULL
tt3684748	nm8701580,nm9470318,nm9469576,nm4489288	nm4489288,nm4755526,nm9469576,nm6956134,nm9906191,nm9470318,nm12309966,nm12309965,nm10154203
tt3696596	nm3260237	nm3260237
tt3784674	nm3771559,nm7207144	nm1639391,nm9288411
tt3787912	nm1518150,nm1517540,nm1513241,nm0484840	nm1517540,nm1513241,nm1518150
tt3838922	nm6605417	nm6605417
tt3838966	nm6605507	nm6605507
tt3846958	nm6499703	nm6499703,nm7141223
tt3858844	nm10346766	nm6619581
tt3861696	nm3615065	nm3615065
tt3906380	nm3262249	nm3262249
tt3975604	nm2512874	NULL
tt4044238	nm1834177	nm1834177
tt4079630	nm1711449	NULL
tt4269350	nm3143609	nm4797403,nm3143609,nm5602024,nm5994956
tt4367920	nm1950278	nm0047509,nm1950278
tt4411682	nm3927153	nm3927153
tt4418144	nm3685088	nm4378891
tt4507568	nm2265778	nm2265778,nm7174892
tt4514926	nm2952483	nm2952483
tt4526492	NULL	NULL
tt4528852	NULL	NULL
tt4559906	nm7836298,nm1866016,nm6606037,nm1208260,nm0616303,nm1663004,nm4124468,nm1179713,nm10059855,nm4409273,nm0735916,nm0524900	nm1228903,nm2196884,nm0553644,nm5469099,nm9456990,nm1358371
tt4565432	nm6441055	nm6441055
tt4583448	nm7172824	nm7172824
tt4621790	nm2564187	NULL
tt4643336	nm0089999,nm5809886	NULL
tt4664182	NULL	NULL
tt4799112	nm0799491	NULL
tt4891192	nm2334322,nm1462820	nm3811969,nm3476984,nm2192009
tt4919802	nm6317976	nm6317976
tt4956310	nm4817743	nm4817743
tt4968752	nm3927153	nm3927153
tt5007458	nm2565464	NULL
tt5015752	nm7024329,nm7125048,nm9438689,nm7577503,nm7024332	nm7024329,nm7577509,nm5966943,nm7921127,nm9438689,nm7125048,nm7303970,nm7024332,nm7577503
tt5049258	nm2013828	nm2013828
tt5106096	nm7648066	nm7648066
tt5159122	nm1029841	nm1029841
tt5182892	nm7713791	NULL
tt5230894	nm7690502	nm7754725,nm7690502
tt5262746	nm4795547,nm7783620	NULL
tt5265646	nm0282903,nm0970096	NULL
tt5270650	nm6735889	nm6735889
tt5292714	nm1969165	nm1969165
tt5325614	nm4916401	nm4916401
tt5333078	nm7843736	NULL
tt5344460	nm6455554	NULL
tt5354848	nm0754691	nm0754691
tt5369048	nm7874893	nm7874893
tt5440946	nm7904816	NULL
tt5475446	nm6353154	NULL
tt5506152	nm5913681	nm6170825,nm5913681
tt5567294	nm1117731	NULL
tt5637348	nm5622174	NULL
tt5650766	nm8085606	nm8085608,nm8085609,nm8085606,nm8085607
tt5686330	nm2811859	NULL
tt5716726	nm8139219	nm8139220,nm8139219
tt5768046	NULL	NULL
tt5768460	nm4929295	nm4929295
tt5777784	nm5607193	NULL
tt5805936	nm1112647	nm1112647
tt5842744	nm6939300	nm6939300
tt5870782	nm8276458,nm8276457	nm5099218,nm1250493,nm8276457,nm8276459,nm1701264
tt5894180	nm8297804	nm8297804
tt5926548	nm4056526	nm4056526
tt5935234	nm0128540,nm8336317	nm0128540
tt5958184	NULL	nm1260764
tt6014396	nm4059429,nm8398404	nm8398404
tt6016034	nm8419300	nm5014673
tt6039912	nm11555518,nm3266312	nm7664327
tt6054362	nm1579223	nm1579223,nm6468830
tt6081240	nm10155544	nm10155544
tt6097892	nm0435771	nm0004814,nm0435771
tt6105788	nm6126106	NULL
tt6131004	nm6145278	nm5466523,nm6145278
tt6135076	nm3110105	nm3110105
tt6185752	nm6342685	nm6342685
tt6197624	nm4390822	nm4390822
tt6289570	nm8155236,nm7771420	nm8155236,nm7771420
tt6297668	nm8622262	nm8622262
tt6355382	nm7355547	nm7355547
tt6491434	nm1163899,nm1534503,nm4328406,nm2471785,nm1878623,nm2102826	nm2477898,nm1297783
tt6506266	nm3377934	nm3377934
tt6554354	nm1390330	nm1390330
tt6558976	nm4219868	nm4219868
tt6615688	nm0636116	NULL
tt6616146	nm7088298	nm7088298
tt6616550	nm7314610,nm8836203	nm8836203
tt6678220	nm0015056	nm0251988
tt6711722	nm3861892	NULL
tt6715096	nm3266801	nm3266801
tt6722972	nm0882203	nm0229100,nm0789394
tt6758316	nm7652104	NULL
tt6774100	nm8920058,nm4738257	NULL
tt6801560	nm8576341	nm8576341
tt6805362	NULL	NULL
tt6856936	nm8971957	NULL
tt6867356	nm5723660	nm5723660
tt6894812	nm5008395	nm5008395,nm6236501
tt6902054	nm9151522,nm10354263,nm9651726,nm7496687,nm8999850,nm9154910	nm12465634,nm9154910,nm10354263,nm10547430,nm9651726,nm8999852,nm8999850,nm7496687,nm8999851
tt6914162	nm9007715	nm9007716
tt6961914	nm9034595	nm9034598
tt7007162	nm9059310	NULL
tt7050804	NULL	NULL
tt7062560	nm8887892	nm8887892
tt7062574	nm8887892	nm8887892
tt7062592	nm8887892	nm8887892
tt7062604	nm8887892	nm8887892
tt7062624	nm8887892	nm8887892
tt7067028	nm2547306	NULL
tt7116458	nm9117029	NULL
tt7137290	nm3821208,nm5589828	nm5617944,nm7970341,nm9208550,nm9130652,nm9130653,nm10037480,nm3821208,nm5589828,nm5055263
tt7146712	NULL	NULL
tt7177206	nm0385565,nm1337648,nm5671303,nm1501948	nm0385565
tt7234530	nm4354087	nm4354087
tt7274624	nm9020660	nm9020660
tt7310898	nm4434267	nm9849546,nm4434267,nm6033557
tt7327508	nm0839832	nm8621330,nm0159522,nm0839832
tt7458658	nm1751063,nm0081593	nm5775585,nm7340691,nm9160639,nm9578191,nm4463568,nm9979026
tt7459096	nm8812614,nm8812615	NULL
tt7497256	nm9337999	nm9465503,nm9465504
tt7518474	nm0336979	nm0336979
tt7520640	nm9349874	nm9349874
tt7568474	nm8038738,nm9379102	nm8038738,nm9379102
tt7586874	NULL	NULL
tt7657124	nm9434508	nm9434508
tt7664358	nm9439438	NULL
tt7757874	nm9491795,nm10110261	nm9491795
tt7767636	nm9279927	nm9279927
tt7863444	nm4746059	nm8928902
tt7871262	nm9553941	nm9553941
tt7898680	nm6158698	NULL
tt7979484	nm7756954	nm9614060,nm7756954
tt8004936	nm2151451,nm3342536	nm2151451,nm3342536
tt8035236	nm9643407	nm9643407
tt8055434	nm8719492	nm9654340,nm8719492
tt8159912	nm10416756	nm10416756,nm4362572,nm2639720
tt8160922	nm8206909	nm8206909
tt8163662	nm2333500	NULL
tt8219896	nm5965898	nm7259307
tt8250522	nm3628461	nm5136679
tt8276656	NULL	NULL
tt8284230	nm2415446	nm0089185
tt8312654	nm1160067	NULL
tt8342370	nm4982036,nm9802046	nm9802046
tt8382032	nm9525163	NULL
tt8447198	nm0083641,nm0494784,nm4508173	nm0211479,nm9850353
tt8517720	nm9889564,nm0916690	nm0916690
tt8544596	nm5990228	nm5990228
tt8595350	NULL	NULL
tt8616050	nm9742552	nm9742552
tt8646748	nm3996984	nm3996984
tt8654142	nm9966216,nm3158651	nm9966202,nm8220963,nm3158651,nm9966203,nm1411842
tt8681272	nm5181760	nm5181760
tt8723154	NULL	NULL
tt8787820	NULL	NULL
tt8804428	nm5661017	nm5661017
tt8931180	nm6813175	nm6813175
tt8986906	nm4036537	NULL
tt9002164	nm8827769	nm8827769
tt9215090	nm0377709	nm0189974
tt9253740	nm10247765	nm10247765
tt9262000	NULL	nm4049300
tt9319014	NULL	nm9437601
tt9378416	nm10301477	nm5917503
tt9383880	nm1123155	NULL
tt9441020	nm4760328	nm4760328
tt9450450	nm3832858	NULL
tt9471404	nm0420817	nm0420817,nm1480232,nm6521578
tt9531064	nm5473542	nm6232410
tt9537008	nm10369569	NULL
tt9587254	nm2348718	nm9537521,nm2348718,nm7684256
tt9660682	nm10343392,nm11555119	nm11555119,nm10343392
tt9678754	nm1771598	nm3293702
tt9738302	nm11004077	nm11004078
tt9742160	nm10240384,nm4616037	nm0704771,nm10240384
tt9769818	nm9397253,nm10470290	nm9397253,nm10470302,nm10470303
tt9782202	nm1509956	nm0660893,nm0791445
tt9783836	NULL	NULL
tt9814956	nm0178189	nm5124979
tt0020435	nm0562845	nm0823523,nm0048305,nm0912491
tt0057092	nm0025655	nm0025655,nm13286027,nm2792120
tt0075536	nm1218417,nm0741887,nm0753086,nm0039169	nm0006752,nm8988857
tt0077051	nm0050853	nm0358529,nm0639163,nm0676850,nm0808877
tt0108274	nm0221960	NULL
tt0108969	nm0240797,nm0101385	nm0004798
tt0111161	nm0001104	nm0000175,nm0001104
tt0132943	nm0127147,nm0350407	NULL
tt0138103	nm0458079	nm0458079
tt0151756	NULL	NULL
tt0158420	nm0583287,nm1048532,nm0317487	nm0089185,nm1044991,nm2360364,nm0422710,nm0854418
tt0160133	NULL	NULL
tt0161179	nm0263608,nm0696890,nm0490117,nm0071713,nm0610303,nm0245948,nm0281865	nm0101756,nm0238123,nm0248597,nm0277421,nm0449958,nm1546039,nm0742768
tt0182600	NULL	NULL
tt0192939	nm0432031	nm1644610
tt0197665	nm0735474	NULL
tt0201256	nm0777294	NULL
tt0211716	nm0193621	nm0456629,nm0913398
tt0216000	nm0347899	nm0347899
tt0216729	nm0194243	NULL
tt0218770	nm0145114	nm2200779
tt0223773	nm0319399	NULL
tt0225644	nm0804619,nm0642340	NULL
tt0252487	nm0251027	nm0119457,nm0407642
tt0253266	NULL	NULL
tt0261037	nm0044609	nm0044609
tt0298959	nm0390437	NULL
tt0303148	nm1088939,nm1093048	nm1088939,nm1093048
tt0306414	nm0152640,nm0225416,nm0424800,nm0080601,nm0793455,nm0003733,nm0887700,nm0002140,nm0026442,nm0899364,nm0047458,nm0444709,nm1734368,nm0952352,nm0376006,nm0542960,nm0541391,nm0575389,nm0616254,nm0171348,nm0942869,nm0508883,nm0570995,nm0686853,nm0527160,nm044	nm0800108,nm0122654,nm0527160,nm0959567,nm1743485,nm2384772,nm0670782,nm0697115,nm1212331,nm0589957,nm0653899,nm1454167,nm0578177,nm1691014
tt0310342	nm0550708,nm0006009	nm0006009
tt0316613	nm1167933	nm1749110,nm1167933,nm0673391,nm1351115,nm0195627,nm0278442,nm0781493,nm1167870,nm1352198
tt0322344	nm0891320,nm2833684,nm1189003,nm1189811	nm11172694
tt0322693	nm1176918	nm0006924,nm1176918
tt0324884	nm0084786	nm0691403,nm0705828
tt0325853	nm1181880,nm1181881	NULL
tt0331982	nm0709797	nm0612880
tt0348513	nm0155892	nm0465378,nm0477540,nm1305967
tt0349853	nm1309633	nm1309944
tt0350446	nm0042996	nm0036074,nm0042996,nm0196362,nm0761525
tt0357979	nm0568981	nm0568981
tt0371436	NULL	nm1260764
tt0372967	nm1409121	NULL
tt0380088	nm1452687	nm1453164,nm1451169
tt0383795	nm2291764,nm7684715,nm11461437	NULL
tt0389593	nm1363374	NULL
tt0417299	nm1665983,nm1690966,nm2320725,nm0513307,nm2083477,nm1396048,nm0227204,nm0534041	nm0227204,nm1665983,nm1132209,nm1503357,nm2419560,nm0373388,nm2624720,nm2352830,nm0247063,nm1539257,nm0831457,nm1394301,nm1863572,nm1280290,nm1032829,nm0893286,nm2684172,nm1348661,nm2957131,nm0534041,nm2198694,nm2781196,nm2083477,nm2779474
tt0420975	nm0926449	nm0926449
tt0437922	nm0653573	NULL
tt0439648	nm1802102	nm1802102,nm1793793
tt0453526	nm1889246	nm1889246
tt0459636	nm0852416	NULL
tt0762086	nm0455394	NULL
tt0772199	nm2179001,nm1869189	NULL
tt0783477	nm1853805,nm2011594	NULL
tt0790683	nm0004129	NULL
tt0791103	NULL	NULL
tt0806105	nm2270071	nm2270071
tt0819620	nm0129244	nm0129244
tt0844026	nm2351748	NULL
tt0887275	nm0740110	NULL
tt0889210	nm1232044	nm1232044
tt0891100	nm0484684,nm6269369,nm0385091,nm0973934,nm3125562,nm4792164,nm3214361,nm5221728,nm3134517,nm0465579,nm1992644,nm2774271,nm2800563,nm0916635,nm2520648,nm3252003,nm2348748,nm6424259,nm0597212,nm3133402,nm2455349,nm2782976,nm0002953,nm2284654,nm3559972,nm126	nm4509061,nm3319867,nm2766465,nm2782976,nm3701518,nm0001075,nm6269370,nm4386626,nm2312069,nm0300795,nm0465579,nm3441204,nm3339032,nm0557749,nm1713436,nm2312726,nm1990715,nm1614414,nm6159371
tt0972573	nm2571449	nm2571449
tt0989831	nm2513556	nm2513556,nm0403951,nm12614604
tt0997462	nm1161986	NULL
tt10004372	nm3316797	nm3316797,nm9309731,nm1351527
tt10022848	nm5678961	nm5676370
tt10071606	nm10568992	nm13533405
tt10091698	NULL	NULL
tt10133046	NULL	nm7514384,nm1913510
tt1016156	nm0048146	nm0048146
tt10162630	nm3706506	NULL
tt1020864	nm1350104	nm1350104,nm0550956,nm3923518
tt10211804	NULL	NULL
tt10235926	nm5217553	nm11154829,nm7917576
tt10238844	nm0943063,nm2426885	nm1395403
tt10298024	nm4589740	NULL
tt10378512	nm2270956	NULL
tt10380324	NULL	NULL
tt1039967	nm2674714	NULL
tt10422388	nm2335469	nm2335469
tt10433512	nm6301834,nm5842181	nm6662706,nm5842181
tt10485396	nm10766180	nm8269292,nm8269293,nm10766185
tt10489608	nm8621020	nm7806207,nm8621020
tt10492484	nm10768814	nm10768814
tt10550054	nm7830804,nm10796647	nm10796648,nm6792052
tt10593126	nm10816706	nm10819814
tt1071927	nm0269792	nm0269792,nm0102902
tt10771948	NULL	NULL
tt10790842	nm10640878,nm10297145	nm10297145,nm10640878
tt10833152	nm1711449	NULL
tt10870258	nm8405448,nm10940670	nm10940677,nm10940670
tt10916104	nm10960648	nm10960649
tt10978626	NULL	NULL
tt10981076	nm2390065	nm10997870,nm9153036,nm5057433,nm6080669,nm2390065
tt11068228	nm3871938	nm8310356,nm11034591,nm3871938,nm8658571
tt11100764	nm11048163	nm13700523
tt11125820	nm3690990	NULL
tt11135910	nm11062464	nm11062464,nm11062467,nm6617036
tt11154960	nm6115048,nm11070894	nm6115050,nm6115048
tt11229382	nm10826999,nm10425339	nm10826999
tt1123395	nm2810430	nm2810430
tt11235574	NULL	NULL
tt11256956	nm8060346	nm8060346,nm0263543,nm0317031,nm0345316,nm11119537,nm10528985,nm11119533
tt11280912	nm11130491	nm11130491
tt11349824	nm0159162	NULL
tt11351186	nm1336535	NULL
tt11367634	nm1834177	NULL
tt11404052	nm11185495	nm11185495
tt11428808	nm2166599,nm8169378	nm8169378,nm0970125,nm2166599
tt11455702	nm7331875	nm7331875,nm11208251
tt11501556	nm6476179,nm6689411	NULL
tt11505706	NULL	NULL
tt11590122	NULL	NULL
tt11613096	nm11275163	nm11275163
tt11680472	nm2378766	nm2378766
tt1170926	nm2895034,nm2894704	NULL
tt11759630	nm8745690,nm2326734	nm2326734,nm8745690
tt11773300	nm5722724	NULL
tt11777958	nm1132850	nm6473311,nm4029297
tt1179757	nm1106065,nm1976280	nm1106065,nm1976280
tt11802110	nm5954636	nm5954636
tt11807718	nm10013686	nm10013686,nm5844812
tt11815022	nm2510263	NULL
tt11841020	nm11372053	NULL
tt11866140	NULL	NULL
tt11872360	nm7406349	NULL
tt11905144	nm8037958	NULL
tt11911642	nm7529260	nm7529260
tt11988522	nm11171449	nm11171449
tt12060448	nm7934034	nm7934034
tt12104216	nm11468623	nm11483573,nm11468623
tt12169430	NULL	NULL
tt12187604	nm6229748	NULL
tt1221843	nm2858676	nm10311418,nm2858676
tt12229360	nm1855380,nm1854399	nm1854399,nm1855380
tt12238000	nm2116358	nm2298288
tt12245558	NULL	NULL
tt12319428	NULL	NULL
tt12324782	nm5115964	nm5115964
tt1236336	nm0285128	nm3021077,nm3021189
tt12366652	nm11599232	nm11599232,nm11599233
tt12392504	nm0576554,nm1312094	nm13229841,nm7502891,nm8209528,nm4106454,nm11936542,nm4622810
tt12397682	nm11613115	NULL
tt12409620	nm5019997	nm4172928,nm5019997
tt12423408	nm11624298,nm11624300,nm11624299	nm11624300,nm11624298,nm11624299
tt12474292	nm11645699	nm11645699
tt12478446	nm11647504	nm7031642
tt12478522	nm1198330,nm1456861,nm4244885	nm1456861,nm4286151,nm4244885,nm1198330
tt12495406	nm4035041	NULL
tt12498616	nm11655560	NULL
tt12500424	nm7473506,nm9067804	nm9067804,nm7473506
tt12509880	nm9594874	NULL
tt12511606	NULL	NULL
tt12524210	nm5396220	NULL
tt12551800	nm6871826,nm5412583	nm11715065,nm5412583,nm6871826,nm10548720,nm11402768
tt12580824	NULL	NULL
tt12607400	NULL	NULL
tt12619884	nm3893250	nm1550805
tt12724922	nm3189740	nm3194179,nm3189740
tt12764158	nm0010205	nm0010205
tt12798264	nm11774309	nm11774310
tt12861616	nm2376855	NULL
tt12889398	nm11221458	nm11221458
tt12909482	nm11821610	nm11821612
tt12949564	nm1869577	nm1869577
tt1295089	nm2668146,nm3142603	NULL
tt12968268	nm11842736,nm11842737	nm11842736
tt1298819	nm3147430	nm1836969,nm0273820,nm1525893,nm1151269,nm1615207
tt13007596	nm7517117	nm7517117
tt13055458	NULL	NULL
tt13069718	NULL	NULL
tt13090994	nm9833890	nm11897761
tt13094256	nm6799773	nm6799773
tt13105836	nm4971254,nm1650595	nm11904727
tt13110920	nm10052584,nm6321720,nm9910990,nm7162646	nm9910990,nm8981178
tt13175646	nm10765331	nm7961537,nm10643000,nm11006137,nm4308825
tt13196438	nm11727574	NULL
tt13197812	nm7384184	nm7384184
tt13252208	nm0051436	nm11968597,nm11968608
tt13276438	nm8089333	nm8089333
tt13318478	nm10153326	NULL
tt13387706	nm12031588	nm12031588,nm12031593
tt1339174	nm3039050	NULL
tt13399106	nm12036029,nm12036030	NULL
tt13404210	nm6620750	nm6620750
tt1340575	nm3233771	NULL
tt13430682	NULL	NULL
tt13432848	nm11366696	NULL
tt13438694	nm12054021	nm12054021
tt13444724	nm2866357	NULL
tt1344876	nm2470675	NULL
tt1347117	nm2768146,nm3259857	nm3261335,nm2768146,nm3259857,nm3261422
tt13494994	nm12079518	NULL
tt13496430	nm4311908,nm1259207,nm0774116,nm4349330,nm3177227,nm2906807	nm4349330,nm3177227,nm11798437,nm10988375,nm9013417,nm2906807,nm0774116,nm11594447
tt13522698	nm12091120	NULL
tt13529508	nm12041532	nm12094283
tt13560276	nm2671397	nm2671397
tt13582670	nm2566810	nm12118672,nm12118673
tt13666674	nm2565292	nm13566052,nm13426817
tt13667134	nm1326366	NULL
tt1367122	nm3178599,nm3177457	nm3178599,nm3177457,nm3051199
tt13701810	nm10464571	nm10464571,nm11064803
tt13729624	nm0138606	NULL
tt13804634	nm11862374	NULL
tt13836524	nm12224703	NULL
tt1389468	nm1151007	nm1151007,nm1033297
tt13897634	NULL	NULL
tt13921426	nm12266207,nm6250367	nm12266207
tt13952664	nm8332119	nm8332126
tt13956824	nm7346670	nm7346670,nm4559442
tt13982552	nm4917358	nm3232395,nm9069839,nm4917358,nm1160682
tt1402197	NULL	nm3041487
tt14090476	nm3642592	nm3642592
tt14125350	nm0865291	NULL
tt1412738	nm1131557,nm0841560	nm1131557,nm0841560
tt1414454	nm3405453	nm3405453,nm1033297
tt1414504	nm3191003	nm13431863,nm1030281
tt1414520	nm0712430	nm1033297
tt14211326	nm12389838	nm12389838,nm11300518
tt14282256	nm2192714	nm2192714
tt14294416	nm4467176	nm4467176
tt14369324	nm9505890	NULL
tt14402084	nm5894081	NULL
tt14454116	nm3486538	nm6181064,nm5203198
tt1455256	nm3198076	NULL
tt14565414	nm12544628	nm12536654,nm12544628,nm12536653
tt14617946	NULL	NULL
tt14628220	nm12554192	nm12554192
tt14667600	nm12580938	nm12580938,nm12580939
tt14674964	nm2896053,nm5644473	nm5644473,nm2896053
tt14677670	nm10519174	nm10519174
tt14736688	nm8812614,nm8812615	NULL
tt14747784	nm12617852	NULL
tt14833800	NULL	nm10195097,nm12658264,nm9010203,nm10184846,nm12658265,nm11857750,nm12718287,nm10086559,nm12791095,nm11356564,nm4663379,nm13163558,nm5680481,nm11857223
tt14985732	nm0060817	nm0060817
tt15017998	nm8869148,nm11875945,nm11875944	nm8869148,nm11875945,nm11875944
tt15055082	NULL	NULL
tt15073642	nm0158408	nm5972019
tt15218050	nm5061808	nm4414490
tt15238852	nm7729471,nm6639178	nm6639178,nm6787874
tt1525571	nm2980507	NULL
tt15313532	nm1996665	NULL
tt15331666	nm2204003	nm1662781
tt15340094	nm2369219	nm2369219
tt15343560	NULL	nm0278979,nm1526554
tt15347628	nm12900372	nm7256990
tt15374798	nm12912011	NULL
tt1538885	nm3672258	nm3672258
tt15391262	nm0280621	nm8470295,nm0280621,nm3401913
tt15416740	nm12932135,nm12932136	NULL
tt1541858	nm2119997	nm2119997,nm2309819
tt15426958	NULL	NULL
tt15477976	nm1583736	nm12962064,nm12962065,nm1583736
tt15576624	nm3944094,nm8680852	nm3944094,nm7742308
tt15586678	nm11110744,nm11886261,nm3570293,nm8575639	nm8575639
tt15664492	nm1894298	nm1892283,nm1894298,nm1915966
tt15719636	nm13044743,nm7412484	NULL
tt15801260	nm1039492,nm1344118	nm1039492,nm1344118
tt15822246	nm5394825	nm5394825
tt1587711	NULL	NULL
tt1590933	nm3779753	nm3796522,nm3779731
tt1591472	nm2861664	NULL
tt15964372	nm4994462	nm4994462,nm12972858,nm5850778,nm13521819
tt1599330	nm3801779,nm3802321	nm3801765,nm3801779
tt16115550	nm2854324,nm3612325	nm9869029
tt16156984	NULL	NULL
tt16176568	nm10567196	nm10567196
tt16234346	nm11624298,nm11624301	nm11624298,nm11624301
tt16245160	NULL	nm11624300
tt16272516	nm13167881	nm13167881
tt16369058	nm8234373,nm2038422	nm2038422,nm2106397,nm13301658,nm8234373,nm13196741
tt1639863	nm1010983	NULL
tt16410336	nm13220203,nm13210243,nm13219845,nm9203735	nm13219845,nm13220203,nm13210245
tt16411446	nm3059076	nm2158747
tt16478910	nm10479080	nm10479080
tt1655429	nm0678224	nm0678224
tt1677556	nm3864308	NULL
tt1684856	nm3971024	nm3971024,nm3975557
tt16931028	nm9173616	nm7936546
tt17003316	nm0000160	nm0827856
tt1700437	nm4011835	NULL
tt17007270	nm7420169	NULL
tt1702417	nm0082768	NULL
tt17278398	nm13322459,nm7244178	nm8084834
tt1735348	nm3075043	NULL
tt17505924	nm13344154	nm13344154
tt17522042	nm13417883	NULL
tt1756633	nm0951834	nm0951834
tt1756640	nm0080289	NULL
tt17640966	nm1894783,nm1162606	nm0121437,nm0301441,nm1640027,nm2409251,nm2084939,nm0881929
tt1787057	nm1654694	NULL
tt1791606	nm3626440	NULL
tt1820685	nm3161872	nm3161872
tt18247358	nm2383715	nm7712200,nm2383715,nm6195675
tt18293874	nm6266137	nm6266137
tt1831136	NULL	NULL
tt18341292	nm13438687	nm13438687
tt1836753	nm0484210	nm3674454
tt1845324	nm2678242	NULL
tt18749342	nm3109770	nm5607998,nm2257646,nm1696687
tt1886756	nm3370316	NULL
tt19047500	nm4303567	NULL
tt1930304	nm1421199	NULL
tt19363972	nm0033273	nm3119315,nm4855576,nm5965694,nm2600199
tt19380934	nm3539853	nm4367069
tt19396436	nm7628649,nm7628648	NULL
tt19401962	nm12958235,nm12268134	nm13412100,nm12268134
tt19636284	nm13571644	nm10732596,nm13571649,nm13687227,nm2401465
tt19799058	nm13597332	nm13597332
tt19845504	nm8528554	nm8528554
tt19882482	nm4308825	nm4308825,nm13623774
tt1993390	nm2651178	NULL
tt20118526	nm13550356	NULL
tt20231494	nm1984761	nm1984761
tt20420416	nm13683985	nm4900659
tt2061319	nm0153996,nm1552271,nm1819089	NULL
tt2063241	nm3377111	nm5864480
tt2070707	nm3671953,nm0501328	nm3671953,nm0501328
tt2070761	nm1346364	nm4694325
tt20778280	nm4667416	nm6851074
tt20850260	nm1948237	nm1006699,nm1412439,nm1948237,nm4587738
tt2089578	nm1347769	nm3655304,nm1347769
tt2090741	nm2029597	nm1371551
tt21048836	nm2616368	NULL
tt2104986	nm4761692	NULL
tt21108242	NULL	NULL
tt21188026	nm11090012	nm11090012,nm13805487
tt2120506	nm2050149	nm0280422
tt2142691	nm3282144	nm3281774
tt2143796	nm0003962	nm3929970
tt2175959	nm0517665	nm0517665
tt2192408	NULL	NULL
tt2207655	nm3404318	nm3404318,nm4874826
tt2218802	nm5115994	nm5115994
tt2219704	nm5113474	nm3301614
tt2229283	nm2582822	nm2582822,nm1271297,nm1325064,nm2034488,nm2229303,nm2464399,nm3319557,nm4889685
tt2248647	nm1580459	nm1580459
tt2257347	nm2551213	nm2551213
tt2260775	nm4917923,nm11819003	NULL
tt2292971	nm2875557,nm0331092	nm0331092
tt2298225	nm2294576	nm2294576
tt2298297	nm1618804	NULL
tt2300823	nm4948771	NULL
tt2313295	nm2381775	nm2381775
tt2314205	nm4961699	nm4963586
tt2337446	nm1038383	NULL
tt2348531	nm1518150,nm1513241	nm1513241,nm1518150
tt2369323	nm0208820	NULL
tt2430074	nm4270579	nm4275201,nm4270579
tt2478440	nm5156380	nm2131825
tt2479942	nm5533555,nm5414208	nm2852769,nm2091612,nm5401749,nm3711989,nm5533555,nm1808295,nm5544612,nm5536959
tt2582038	nm2919747	nm2919747,nm5428992
tt2603634	nm5447395	NULL
tt2630058	nm5482866	nm5479917,nm0799288
tt2634634	NULL	nm3720190
tt2637990	nm2828710,nm0824006	nm7249049,nm3651034,nm1138625
tt2641252	nm0137046	nm0137046
tt2705720	nm0624619	NULL
tt2738346	nm0333273	nm0333273
tt2763442	nm3651498,nm5565107	nm5565107,nm3651498
tt2814502	nm0602128	NULL
tt2846058	nm5553452	nm5628142
tt2852640	nm5634108	NULL
tt2877530	nm0114099	nm0114099
tt2938376	nm4771979	nm4771979
tt2977674	nm2948603	nm2948603
tt3019438	NULL	NULL
tt3029962	nm2181863	nm2181863,nm0936431
tt3097728	nm5824757	NULL
tt3109706	nm3377111	nm4683297
tt3220846	nm5979165	nm6824117,nm5988173,nm5979165
tt3230756	nm0660107,nm4406708	nm4406708
tt3246616	nm6158698	NULL
tt3314400	nm6067415	nm6067415
tt3334096	nm3167849	nm3167849
tt3352984	nm5721280,nm3698874	nm5721280,nm3698874
tt3433586	nm2228888	nm2228888
tt3462582	nm6212915	nm6212915
tt3541032	nm2223147	NULL
tt3560862	nm3628608	NULL
tt3760060	nm2525291	nm2525291
tt3761196	nm3625207	nm6528124,nm0772296
tt3793864	nm3156275	nm3156275
tt3835150	nm1760857	nm6601136,nm6601137,nm1760857,nm1761093
tt3893956	nm2762320,nm2803331,nm0797520,nm2001537,nm5916259,nm2784959	nm0797520
tt3899226	nm1459760,nm5286878,nm3507382,nm6755963,nm2103413,nm2355533	NULL
tt3923326	nm3401063,nm6690005	nm6690005,nm3401063
tt3990282	nm6731226	NULL
tt4038478	nm6770699	nm6770699,nm7015002
tt4122870	nm0374943	nm0374943
tt4135932	nm1978171	nm1978171
tt4136642	nm6858943	nm6858943
tt4250036	nm3696175,nm7982179	NULL
tt4253346	nm6955975	nm6505315
tt4324876	nm3753506,nm9956966	NULL
tt4345618	nm4712995	nm4712995
tt4384644	nm1483083	NULL
tt4387826	nm6363756,nm7078749,nm8887857,nm5366093,nm3762653,nm2697238,nm4670867,nm4302833,nm2444247	nm2697238,nm4670867,nm9030649,nm2890243,nm5922645,nm7078749,nm6363756,nm9327749,nm5366093,nm3762653,nm8949028,nm6761047,nm9816515
tt4512212	nm5188339	nm5188339,nm7179464
tt4523322	nm7190022,nm4114181	nm4114181
tt4531966	nm5400168	nm7225061,nm5400168
tt4556682	nm8334349	NULL
tt4570674	nm1079355,nm2314185	nm1190283
tt4604666	nm4704233	nm7262855,nm4704233
tt4605146	nm11058796,nm7639448,nm11393986,nm10619276,nm6917157,nm11393989,nm11393987,nm11296904,nm11429081	nm11957656,nm11957655,nm10714901,nm9844423,nm11243435,nm12717857,nm12717858,nm6021233,nm11957660,nm11957661,nm11978720,nm11957654,nm11957662,nm11056063,nm11978723,nm11978721,nm11296904,nm11957657,nm11978722,nm12040056,nm12717860,nm11985968,nm6917158,nm763
tt4700726	nm0113518,nm0213292,nm2147659,nm2124487,nm7339799,nm7351927	nm7339799,nm2005369,nm1468059,nm7341690,nm7378737
tt4777694	nm7395759	nm7410545,nm7395759
tt4906318	nm2189713	nm2380807,nm2702814,nm4012272
tt4925050	nm5553340	nm5553340
tt4930046	nm4599485,nm6444621,nm6534475	nm6444621,nm7520755,nm6534475
tt4934240	nm7511787	nm7511788
tt4949460	nm7526202	nm7526202
tt4959762	nm4594990,nm4595016	NULL
tt4972442	nm1881313	nm7375280,nm7546985,nm6662818
tt4981726	NULL	NULL
tt5004118	NULL	NULL
tt5038252	nm0007826	nm0007826,nm2734534
tt5072986	nm7049657	nm7049657
tt5079346	nm5195079,nm7693323	nm7625544,nm5195079
tt5085248	NULL	NULL
tt5087514	nm0239490	NULL
tt5091300	nm7601361	nm7601361,nm7624081
tt5122948	nm0999139	nm0999139
tt5123416	nm0320367	NULL
tt5128292	nm1265993	nm1265993
tt5131890	nm7668940	NULL
tt5136570	nm5892014	NULL
tt5171170	nm7703627	nm7703627
tt5213932	nm1745923	NULL
tt5247284	nm1037547,nm0004967,nm2484607,nm2068811,nm1111811,nm3142573,nm4620469,nm0361219,nm0994612,nm4602366	nm1788705,nm1111811,nm2242030,nm3142573,nm8763956,nm7004667,nm0456981,nm2646701,nm3208073,nm2111187,nm7927897,nm0361219,nm7927899,nm4620469,nm2484607,nm0004967
tt5264812	nm5459019	NULL
tt5376982	NULL	NULL
tt5463164	nm7922369	nm7922369
tt5510930	nm1453522	NULL
tt5532258	nm3696175,nm7982179	NULL
tt5547882	nm7995228,nm8157642	nm1808626
tt5569674	NULL	NULL
tt5570598	nm0747063,nm9431394,nm2957602,nm8018865,nm10665326,nm8018752	nm8018752
tt5607290	nm1616189	nm8046755
tt5663190	nm3042472	nm8097448
tt5723564	nm8145741,nm8145742	NULL
tt5735236	nm4779082	nm4779082
tt5768980	nm2046832	nm0231439
tt5785800	nm3266312,nm7664327	nm7664327
tt5804086	nm6983548,nm6446971	NULL
tt5806384	nm7722555	nm7722555
tt5819190	nm3134191	nm3134191
tt5865494	nm3427995,nm8256981	nm3427995,nm8256981
tt5886254	nm4826661	nm4826661
tt5917406	NULL	nm5018884
tt5929848	NULL	nm10466384,nm8258239
tt5935114	nm8153268	nm8153268
tt5958356	nm1092946	NULL
tt5968046	nm8362668	nm11322258,nm8362668
tt5994794	NULL	NULL
tt6114830	nm8483729	NULL
tt6131300	nm8495139,nm8495141	nm8495139,nm8495141,nm8495140
tt6133052	nm1848248	nm1848248,nm3936435
tt6143970	nm8506114,nm2985996	nm4098991
tt6159624	nm1754482	nm1754482
tt6169726	nm8492359	nm8492358
tt6173576	nm2713162,nm2959350,nm3299233	nm2713162,nm2959350,nm3299233
tt6206488	nm3022658	nm3022658
tt6220628	NULL	nm0014152
tt6226458	nm7070547	nm8567397
tt6321972	nm8636352	nm8636352
tt6355030	nm2031551	nm8661258,nm2031551,nm2033883
tt6373450	nm8673370	nm8673370,nm4494796
tt6417140	nm8704114,nm1427253	NULL
tt6473986	nm1897737,nm6344671	nm1897737
tt6604894	nm8437248	nm8437248
tt6723478	nm3895751	nm4602221
tt6770338	nm4850258	NULL
tt6772586	nm3112327	nm3112327
tt6780706	nm8923215	nm8923215
tt6786070	nm8925340,nm8925350,nm8928494,nm9024212	nm8925342,nm8928498,nm8928497
tt6798026	nm7275652	nm1550805,nm7041970
tt6818096	nm2637232	nm2637232
tt6868594	nm1919480	nm1919480,nm8979505,nm2668884,nm4662274
tt6922138	nm9012567,nm2023295	nm9012567
tt6984028	nm0667847	nm0539759,nm0667847
tt6992120	nm9051667	NULL
tt7016570	nm9064635,nm9064637,nm9064636	nm9064636,nm9064635
tt7030950	nm3429759,nm9073437	NULL
tt7053290	nm9084094,nm9084095	NULL
tt7062582	nm8887892	nm8887892
tt7093138	nm0492215,nm11718448	nm9392003,nm6673615,nm6853804,nm11718449
tt7109482	nm9546714,nm9113635	nm9113635
tt7122400	nm9396867,nm2410983,nm1802895	nm0188912,nm0577314,nm1508843,nm1802895
tt7175878	nm1107655	NULL
tt7186362	nm9162124	NULL
tt7192768	nm1258900	nm1258900
tt7234406	nm9189543	nm4797319,nm4796815,nm6814225,nm7437629,nm9189543
tt7242256	nm8486511	NULL
tt7292828	nm4483911	NULL
tt7305048	nm9264299	nm9264321
tt7383626	nm2245749	nm2245749,nm9279248
tt7415686	nm3919302	nm3919302,nm10690249,nm0379147,nm4668943,nm4370966
tt7444748	nm8731384	nm9310399,nm8731384,nm9310398
tt7502248	nm1302679	nm3504356
tt7504492	nm9340245	NULL
tt7509652	nm5282607	nm9342639,nm4719100,nm0905998,nm9346431,nm9446193,nm9336625,nm0000636
tt7512472	nm2391179	nm2123975
tt7520764	nm0336979	nm0336979
tt7540724	nm9362646	nm9362646
tt7545950	nm3095542	nm3095542
tt7558662	nm7192757	nm9374234
tt7592934	nm7563759,nm5100584,nm5230597	nm7563759,nm5230597,nm5100584
tt7593094	nm9323789	nm9392945,nm9323789
tt7628180	nm0539574	nm0539574
tt7650360	NULL	nm9430498,nm9430499,nm6668393,nm9430497,nm4786602
tt7683166	nm6744893	NULL
tt7690588	nm2899487	nm2899487
tt7722500	nm1353162	nm0171837,nm1485603,nm1485604,nm1866876
tt7793002	nm9511885	nm9511885
tt7876914	nm2657417,nm5051159,nm2407373	nm2657417
tt7908070	nm8013984	nm8836588,nm8013995
tt7929604	nm7428797	nm7428797,nm8437958
tt7967862	nm4489117	nm4489117
tt8002626	nm5841520,nm5862650	nm5841520,nm5862650
tt8028024	nm3411562	nm3411562
tt8051872	nm0014926	nm0014926
tt8099226	nm8433184	NULL
tt8109740	nm6762491,nm6762492	NULL
tt8151734	nm4254419	nm4254419
tt8188888	nm0059398	nm0059398,nm0756521
tt8223802	nm9742524	nm9742524
tt8269182	nm2356225	nm2356225
tt8297674	NULL	nm1101483,nm1621659,nm1659186,nm2696653,nm2873137,nm0413944
tt8322158	nm0588850	NULL
tt8382768	NULL	NULL
tt8417346	nm9703229	nm9703229
tt8526010	nm4722042	nm9928700
tt8526312	nm5328104	nm5328104
tt8589616	nm3887776	nm8724341,nm3887776
tt8616164	nm3813826	nm3813826
tt8642936	nm6363280	nm6363280
tt8653606	nm9948979	nm4690519
tt8656696	nm9950323	nm9950323,nm9950326
tt8684708	nm6167121,nm5629736,nm5964370,nm7541333,nm5457941	nm6170460,nm7931343,nm9574402,nm10422902
tt8700540	nm2448917	nm1476237
tt8757198	nm0482774	nm3332604
tt8788222	nm10022395	nm11596405,nm11597388,nm10022395
tt8831290	nm5990228	nm5990228,nm7753893
tt8847430	nm10050163	nm10050163
tt8893430	nm5842157,nm3394670,nm3290082	nm3394670,nm3290082,nm5842157
tt8917574	nm2045826	nm2045826
tt8918666	nm2163736	nm2166814,nm2163736,nm2169938,nm10097530,nm10097528,nm2174116
tt8927366	nm0841959	NULL
tt8929708	nm2800790	nm2800790
tt9013026	nm0445843,nm0574615	nm0442579
tt9013980	NULL	nm0573090,nm5536389,nm2106448
tt9025352	nm8412331,nm8300767	nm8300767,nm8412331
tt9059688	nm10156864	nm10156864
tt9059838	nm9218788	nm9218788,nm10156914
tt9248866	nm4972397	nm5636397,nm4225506,nm5166581
tt9263550	nm0534856	nm3331246,nm0534856,nm0536705,nm5733505,nm10411843,nm4375423
tt9288296	nm8376619	nm8376619
tt9343826	nm10285722	nm10285722
tt9355418	nm9140277	nm10290961
tt9408578	nm5149265	nm5149265,nm8276020
tt9426096	nm8331592,nm3975368	nm8331592
tt9490926	nm10350442	NULL
tt9589006	nm4821129	NULL
tt9620768	nm1857733	nm4339326,nm1859351
tt9635826	nm1004585	NULL
tt9646546	nm13086262,nm1771598	nm3293702,nm13086262
tt9743544	nm10174241	NULL
tt9847946	nm6723024,nm10507542	nm10507544
tt9866712	nm1069867	nm5619000,nm1069867
tt0019525	nm0283444	nm0210445,nm0234608,nm0869077
tt0032450	nm0354329	nm0271674,nm2574942,nm0909330
tt0066704	nm0904036	nm0710626
tt0068646	nm0000338	nm0701374,nm0000338
tt0069699	nm0328851	nm0328851
tt0071075	nm0809252,nm0201438,nm11013870,nm0706454,nm0255721,nm0157595	nm0038509,nm0061567,nm0089252,nm0114983,nm0129457,nm0234922,nm0255721,nm0290833,nm0393520,nm0410551,nm0473859,nm0539868,nm0860406,nm0923800,nm0930947
tt0092999	nm0222681,nm0653065,nm0891610,nm0826261,nm0734226,nm0689498,nm0189337,nm0004685,nm0557382,nm0790437,nm0046827,nm0358990,nm0480388	nm0269696,nm0222681,nm0189337,nm0004685,nm0358990,nm0480388,nm0557382,nm0689498,nm0734226,nm0790437,nm0826261,nm0653065
tt0101712	nm1569380,nm0627125	nm1569380,nm0627125
tt0113511	nm0902684	nm0902684
tt0120927	nm0292919	nm4137106,nm0381881,nm2125494
tt0135321	nm2676529	NULL
tt0138020	nm0347720,nm0407708,nm0890481	NULL
tt0140753	nm0502708,nm0690890	nm0713859
tt0141842	nm0887700,nm0666274,nm0002339,nm0851930,nm0111391,nm0070474,nm0000114,nm0003733,nm0153740,nm0327064,nm0671992,nm0784388,nm0938490,nm0115751,nm0848414,nm0371348,nm0000953,nm0001214,nm0006554,nm0500444,nm0638354,nm0793455,nm0008971,nm1010540	nm0153740,nm1010540,nm0121331,nm1053841,nm1980806,nm0719982,nm0408284,nm0450393,nm0296286,nm0773697,nm0128663,nm0465199,nm1129661,nm0543612,nm1127374,nm0820905,nm0887700,nm0281366,nm1259710,nm1238801,nm1003636,nm0435677
tt0148895	nm0068871	NULL
tt0149018	NULL	NULL
tt0157217	nm0154113	nm0051779,nm0154113,nm2058759
tt0159171	nm0465164,nm0847310,nm8850522,nm0613671	nm4112445,nm2952841
tt0160502	NULL	NULL
tt0161164	nm5646734,nm0057548	NULL
tt0161523	nm0786249	NULL
tt0162092	nm0486748,nm0323795,nm0316516	nm0093972,nm0628006,nm0746467
tt0171011	nm0685923	nm0685923
tt0172971	nm0587549	nm0587549
tt0180598	nm0427029	nm0229316,nm0427029,nm0693193,nm0831223
tt0188346	nm0229268	nm0178701,nm0229268,nm0437225,nm0636903,nm2052659,nm0957387
tt0190489	nm0803346	NULL
tt0191714	nm0705649,nm0705832,nm0500867,nm0548648,nm0804080,nm0904355,nm0050126	nm0705832,nm0820177,nm0482398,nm0500867,nm0701367,nm1114450,nm1156094,nm0804080,nm0027915,nm0349664,nm1155598,nm0504032,nm0548648,nm0586235,nm0901293
tt0191942	nm0169703	NULL
tt0206326	NULL	NULL
tt0214081	nm0223503	NULL
tt0214329	nm7762328	nm0014152
tt0214920	nm0836998	nm0476092
tt0217378	nm0871401	NULL
tt0224967	nm0770474,nm0082889	nm0199049,nm0385807
tt0229269	nm0655941	NULL
tt0230036	nm0329714,nm0412676	nm0412676
tt0230451	nm0524866	nm0432807,nm1081575,nm0524866
tt0231880	nm0437031	nm0437031
tt0232037	nm0437031	nm0700386,nm12497171,nm2792120
tt0242767	nm0068864,nm0521441,nm0906762,nm0880682	nm0280063
tt0245310	nm0615480	NULL
tt0245619	nm0445454	nm1199536,nm1201139
tt0246394	nm0652200	nm1163245,nm1527093,nm1166975,nm1371927
tt0246792	nm0593225	nm0593225
tt0249278	nm13451409,nm1123575	NULL
tt0250471	nm0659849	nm0412676
tt0251800	nm0225630,nm0297085,nm0563099	NULL
tt0252687	nm0671708	NULL
tt0252777	NULL	NULL
tt0257328	nm0904942	nm0306042,nm0970096
tt0258355	nm0050880	nm0065336,nm1807881,nm0618124,nm0861849
tt0260423	nm0309697	nm0309697
tt0260737	nm0044609	nm0044609,nm1033297
tt0278227	nm0405440	nm0409474
tt0281312	nm0600634	nm0600634
tt0283402	nm0217782	nm0217782
tt0285401	nm0017787,nm0094541	nm0239958,nm0445515,nm0808235
tt0288978	nm1458383,nm1729070,nm10929996,nm0482271,nm0590518,nm0597354,nm0102499,nm0194116,nm1749073	nm1458383,nm0587427,nm0468183,nm10013958,nm10954107,nm10954106,nm9675328,nm10014026,nm1779940,nm3517593,nm2098832,nm10015898,nm0422519,nm10929996,nm0822305,nm0229321,nm4429613,nm10996124,nm0597354,nm0767621,nm10953168,nm1050363,nm10017571,nm1010994,nm1001
tt0290567	nm1030281	nm1030281
tt0294645	nm0416130	NULL
tt0295783	nm0679528,nm0368468	nm0383867,nm5778073,nm0613141,nm5758123,nm0921381
tt0295799	nm0127125,nm0078331	NULL
tt0298799	nm0088016,nm0813449	nm0088016,nm0813449
tt0304949	nm0936443	NULL
tt0306308	nm1113464	nm1113464
tt0307760	nm0094504	NULL
tt0307784	nm0141448	nm0295281,nm0861603,nm1172776
tt0316322	nm0837729	NULL
tt0317041	nm1166086	nm1163807,nm1168526
tt0320839	NULL	NULL
tt0321354	nm1339198,nm1191447	NULL
tt0321435	nm0788158	nm2792120
tt0324836	nm0103880,nm0457995,nm1933690,nm0433588	nm0103791,nm0323463,nm0457995,nm0259574,nm0350273,nm1194737
tt0324837	NULL	NULL
tt0324875	nm0361459	nm0055460,nm0433705
tt0327418	nm1216035,nm0555577	nm1216035
tt0331734	nm1246883	nm2568905,nm2574574,nm2295316,nm1245286
tt0346331	nm1709241,nm3537087,nm1300377,nm1823289	nm1300378,nm1847934,nm3537491,nm1709241
tt0354319	nm0093505	nm0127917,nm0508154,nm0893817
tt0360502	nm1342353	nm1342353
tt0362368	nm0351237,nm1398388	nm1419837,nm0380421,nm1421136,nm1272922,nm1422270
tt0369983	nm1069026	nm1391184,nm1069026
tt0371464	nm0443988,nm1400436,nm1397378	nm0003328
tt0371560	nm1428719	nm1428719
tt0374070	nm0546744,nm0777391	nm0321865,nm0546744,nm0777391
